article_pmid	study_id	cohort_id	sex_subgroup	country	design	cohort_name	population_setting	analytic_n	events_n	n_age_mean	n_male_percent	n_bmi_mean	osa_definition	exposure_metric	exposure_definition	exposure_scale	comparator_type	outcome_primary	outcome_definition	follow_up_years	effect_measure	effect_estimate	ci_lower	ci_upper	p_value	model_used	adjustment_summary	ahi_adjusted	sleep_study_type	pooling_eligibility	source_location	notes	source_round	scale_family	main_pool_flag	sensitivity_flag	duplicate_cohort_flag	duplicate_reason	preferred_model_flag
30376054	Azarbarzin_2019_MrOS_CVDmort_Q5vsQ1	MrOS	men	USA	prospective cohort	MrOS Sleep Study	community-based older men; not restricted to OSA at entry	2743	440 CVD deaths	76.3	100		not restricted to OSA at cohort entry	HB	total area under respiratory event-related desaturation curve from pre-event baseline divided by sleep duration	highest quintile (>80th percentile) vs lowest quintile (<20th percentile)	categorical high vs low	CVD mortality	underlying cause of death adjudicated as cardiovascular disease	10.0	HR	2.73	1.71	4.36		Model 4	age, BMI, race, sleep duration, smoking, alcohol, COPD, renal failure, AHI, MinSat, TST90, hypertension, diabetes, stroke, concurrent CVD, and lipid-lowering medication use	yes	unattended home PSG	categorical_high_vs_low_main	Table 3 Model 4; MrOS results paragraph	Continuous log10-HB estimates were later resolved from Supplementary Table S3 and extracted in round4; keep Q5 vs Q1 as the paper's main categorical presentation.	round1	categorical_high_vs_low	yes	no	yes	same_article_same_cohort_same_outcome_alt_scale	yes
30376054	Azarbarzin_2019_SHHS_CVDmort_Q5vsQ1	SHHS	mixed	USA	prospective cohort	SHHS	community-based middle-aged and older adults; not restricted to OSA at entry	4672	313 CVD deaths	63.7	47.2		not restricted to OSA at cohort entry	HB	total area under respiratory event-related desaturation curve from pre-event baseline divided by sleep duration	highest quintile (>80th percentile) vs lowest quintile (<20th percentile)	categorical high vs low	CVD mortality	underlying cause of death adjudicated as cardiovascular disease	10.9	HR	1.96	1.11	3.43		Model 4	age, BMI, race, sex, sleep duration, study site, smoking, AHI, MinSat, TST90, hypertension, diabetes, stroke, prevalent angina/myocardial infarction/coronary revascularization, and lipid-lowering medication use	yes	unattended PSG	categorical_high_vs_low_main	Table 3 Model 4; SHHS results paragraph	All-cause mortality in SHHS was reported as non-significant in the main text; continuous log10-HB estimates were later extracted from Supplementary Table S3 in round4.	round1	categorical_high_vs_low	yes	no	yes	same_article_same_cohort_same_outcome_alt_scale	yes
32298733	Azarbarzin_2020_SHHS_men_incHF_SASHB_per1SD	SHHS_men	men	USA	prospective cohort secondary analysis	SHHS	community-based middle-aged and older adults; effect estimated from male subgroup via sex interaction	2259 men subgroup; 4535 in fully adjusted interaction model	not reported for men-only subgroup; 543 incident HF events overall	63.7	100	28.5	not restricted to OSA at cohort entry	SASHB	sleep apnea-specific area under desaturation curve from pre-event baseline	per 1 SD increase in natural log-transformed SASHB	continuous standardized	incident heart failure	first adjudicated fatal or nonfatal heart failure event	10.4	HR	1.18	1.02	1.37		Model 2b fully adjusted sex-interaction model	age, sex, sex*SASHB interaction, race, BMI, total sleep time, study site, smoking, COPD, diabetes, hypertension, prevalent CHD, and stroke	no	unattended type 2 PSG	continuous_standardized_main	Results paragraph p0095; Figure 4 caption	Competing-risk sensitivity HR was 1.19 (95% CI 1.02-1.38).	round1	continuous_standardized	yes	no	no		yes
32298733	Azarbarzin_2020_MrOS_men_incHF_SASHB_per1SD	MrOS_men	men	USA	prospective cohort secondary analysis	MrOS Sleep Study	community-based older men	2653; 2646 in fully adjusted model	145 incident HF cases	76.4	100	27.1	not restricted to OSA at cohort entry	SASHB	sleep apnea-specific area under desaturation curve from pre-event baseline	per 1 SD increase in natural log-transformed SASHB	continuous standardized	incident heart failure	first adjudicated fatal or nonfatal heart failure event	8.8	HR	1.22	1.02	1.45		Model 2b fully adjusted model	age, race, BMI, total sleep time, study site, smoking, COPD, diabetes, hypertension, prevalent CHD, and stroke	no	unattended type 2 PSG	continuous_standardized_main	Results paragraph p0100; Figure 5 caption	Competing-risk sensitivity HR was 1.24 (95% CI 1.03-1.50).	round1	continuous_standardized	yes	no	no		yes
37418748	Labarca_2023_MESA_hardCVD_HB_per1SD	MESA	mixed	USA	prospective cohort secondary analysis	MESA Sleep Study	community-based middle-aged and older adults; not restricted to OSA at entry	1891	110 incident hard CVD events		46.4		community cohort; not restricted to OSA	HB	total area under desaturation curve associated with all respiratory events per hour of sleep	per 1 SD increase in log-transformed standardized HB	continuous standardized	incident hard CVD	composite of myocardial infarction, resuscitated cardiac arrest, stroke, and CHD/stroke death	6.9 median	HR	1.45	1.14	1.84		Model 4	age, sex, race/ethnicity, BMI, hypertension, diabetes, smoking status, baseline wake SpO2, and desaturation sensitivity (HB/VB)	no	type 2 PSG	continuous_standardized_main	Table 2 Model 4; MESA results paragraph	Baseline characteristics were reported as medians: age 67 [61-75], BMI 27.9 [24.7-31.8], male 46.4%.	round1	continuous_standardized	yes	no	no		yes
37418748	Labarca_2023_MESA_allcause_HB_per1SD	MESA	mixed	USA	prospective cohort secondary analysis	MESA Sleep Study	community-based middle-aged and older adults; not restricted to OSA at entry	1973	196 all-cause deaths		46.4		community cohort; not restricted to OSA	HB	total area under desaturation curve associated with all respiratory events per hour of sleep	per 1 SD increase in log-transformed standardized HB	continuous standardized	all-cause mortality	death from any cause	6.9 median	HR	1.21	1.02	1.44		Model 4	age, sex, race/ethnicity, BMI, hypertension, diabetes, smoking status, baseline wake SpO2, and desaturation sensitivity (HB/VB)	no	type 2 PSG	continuous_standardized_main	Table 2 Model 4; MESA results paragraph	Baseline characteristics were reported as medians: age 67 [61-75], BMI 27.9 [24.7-31.8], male 46.4%.	round1	continuous_standardized	yes	no	no		yes
37418748	Labarca_2023_MrOS_incidentCVD_HB_per1SD	MrOS	men	USA	prospective cohort secondary analysis	MrOS Sleep Study	community-based older men; not restricted to OSA at entry	1518	382 incident CVD events		100		community cohort; not restricted to OSA	HB	total area under desaturation curve associated with all respiratory events per hour of sleep	per 1 SD increase in log-transformed standardized HB	continuous standardized	incident CVD	composite of any fatal or nonfatal CVD event including CHD, cerebrovascular disease, peripheral vascular disease, other CVD events, and heart failure	9.4 median	HR	1.13	1.02	1.26		Model 4	age, race, BMI, hypertension, diabetes, smoking status, COPD, preevent SpO2, and desaturation sensitivity (HB/VB)	no	full home PSG	continuous_standardized_main	Table 3 Model 4; MrOS results paragraph	Baseline characteristics were reported as medians: age 76 [72-80], BMI 27.0 [25.0-29.0], male 100%.	round1	continuous_standardized	yes	no	no		yes
37418748	Labarca_2023_MrOS_CVDdeath_HB_per1SD	MrOS	men	USA	prospective cohort secondary analysis	MrOS Sleep Study	community-based older men; not restricted to OSA at entry	2627			100		community cohort; not restricted to OSA	HB	total area under desaturation curve associated with all respiratory events per hour of sleep	per 1 SD increase in log-transformed standardized HB	continuous standardized	CVD mortality	cardiovascular death adjudicated by underlying cause of death	12.0 median	HR	1.22	1.10	1.35		Model 4	age, race, BMI, hypertension, diabetes, smoking status, COPD, preevent SpO2, and desaturation sensitivity (HB/VB)	no	full home PSG	continuous_standardized_main	Table 3 Model 4; MrOS results paragraph	Main-text excerpt did not report the exact number of CVD deaths in this 2023 article.	round1	continuous_standardized	yes	no	no		yes
37418748	Labarca_2023_MrOS_allcause_HB_per1SD	MrOS	men	USA	prospective cohort secondary analysis	MrOS Sleep Study	community-based older men; not restricted to OSA at entry	2627			100		community cohort; not restricted to OSA	HB	total area under desaturation curve associated with all respiratory events per hour of sleep	per 1 SD increase in log-transformed standardized HB	continuous standardized	all-cause mortality	death from any cause	12.0 median	HR	1.06	1.00	1.12		Model 4	age, race, BMI, hypertension, diabetes, smoking status, COPD, preevent SpO2, and desaturation sensitivity (HB/VB)	no	full home PSG	continuous_standardized_main	Table 3 Model 4; MrOS results paragraph	Main-text excerpt did not report the exact number of all-cause deaths in this 2023 article.	round1	continuous_standardized	yes	no	no		yes
38773880	Hui_2024_SHHS_CVDmort_ODI_L3vsL1	SHHS	mixed	USA	prospective cohort secondary analysis	SHHS	community-based adults aged >40 years; not restricted to OSA at entry	4485	287 CVD deaths				community cohort; not restricted to OSA	ODI	oxygen desaturation index (>=3% desaturations per hour)	severe category L3 vs mild category L1	categorical high vs low	CVD mortality	CVD-related death after baseline PSG		HR	1.04	0.70	1.56		Model 1	age category, race, gender, BMI category, smoking status, hypertension, diabetes, lipid-lowering drug use, COPD, and prior CVD	no	unattended PSG	same_cohort_metric_comparison_sensitivity	Table 2 Model 1, CVD mortality, ODI L3 vs L1	Same SHHS mortality dataset family as other HB papers; retain for ODI head-to-head sensitivity rather than main pooled estimate.	round2	categorical_high_vs_low	no	yes	no		yes
38773880	Hui_2024_SHHS_CVDmort_rHB_Q5vsQ1	SHHS	mixed	USA	prospective cohort secondary analysis	SHHS	community-based adults aged >40 years; not restricted to OSA at entry	4485	287 CVD deaths				community cohort; not restricted to OSA	rHB	reconstructed hypoxic burden based on event-related desaturation areas normalized by sleep duration	highest quintile Q5 vs lowest quintile Q1	categorical high vs low	CVD mortality	CVD-related death after baseline PSG		HR	1.63	1.05	2.53		Model 1	age category, race, gender, BMI category, smoking status, hypertension, diabetes, lipid-lowering drug use, COPD, and prior CVD	no	unattended PSG	same_cohort_metric_comparison_sensitivity	Table 2 Model 1, CVD mortality, rHB Q5 vs Q1	Same SHHS cohort as prior mortality studies; exposure is reconstructed HB and should be treated as same-cohort metric-comparison sensitivity.	round2	categorical_high_vs_low	no	yes	no		yes
38773880	Hui_2024_SHHS_incidentCVD_ODI_L3vsL1	SHHS	mixed	USA	prospective cohort secondary analysis	SHHS	community-based adults aged >40 years; baseline-prevalent CVD excluded for morbidity dataset	3872	723 incident CVD events				community cohort; not restricted to OSA	ODI	oxygen desaturation index (>=3% desaturations per hour)	severe category L3 vs mild category L1	categorical high vs low	incident CVD	first adjudicated cardiovascular event including myocardial infarction, stroke, coronary surgical intervention, heart failure, or CHD-related death		HR	1.07	0.83	1.39		Model 1	age category, race, gender, BMI category, smoking status, hypertension, diabetes, lipid-lowering drug use, and COPD	no	unattended PSG	same_cohort_metric_comparison_sensitivity	Table 2 Model 1, CVD morbidity, ODI L3 vs L1	Useful for ODI head-to-head comparison in SHHS; not a stand-alone primary anchor.	round2	categorical_high_vs_low	no	yes	no		yes
38773880	Hui_2024_SHHS_incidentCVD_rHB_Q5vsQ1	SHHS	mixed	USA	prospective cohort secondary analysis	SHHS	community-based adults aged >40 years; baseline-prevalent CVD excluded for morbidity dataset	3872	723 incident CVD events				community cohort; not restricted to OSA	rHB	reconstructed hypoxic burden based on event-related desaturation areas normalized by sleep duration	highest quintile Q5 vs lowest quintile Q1	categorical high vs low	incident CVD	first adjudicated cardiovascular event including myocardial infarction, stroke, coronary surgical intervention, heart failure, or CHD-related death		HR	1.24	0.95	1.62		Model 1	age category, race, gender, BMI category, smoking status, hypertension, diabetes, lipid-lowering drug use, and COPD	no	unattended PSG	same_cohort_metric_comparison_sensitivity	Table 2 Model 1, CVD morbidity, rHB Q5 vs Q1	Unique SHHS non-fatal CVD composite for reconstructed HB, but still best treated as metric-comparison sensitivity.	round2	categorical_high_vs_low	no	yes	no		yes
31081538	Labarca_2019_T90_allcause_gt20pct	Single_center_OSA	mixed		retrospective cohort	single-centre moderate-to-severe OSA cohort	newly diagnosed moderate-to-severe OSA without concomitant respiratory disease	365	not reported	56.3		32.3	moderate-to-severe OSA at diagnosis	T90	percentage of total sleep time spent with SaO2 <90%	>20% vs <=20%	categorical threshold	all-cause mortality	death over 5-year follow-up; all-cause mortality from civil registry	5	OR	2.70	1.37	5.22	0.0048	OR-based threshold analysis	unadjusted odds-ratio analysis using chi-square/Fisher comparisons in GraphPad Prism; no multivariable adjustment reported	no	diagnostic sleep study	sensitivity_unadjusted_threshold	Results paragraph and Table 1 in supplied PDF	Full text confirms an unadjusted threshold analysis with 8% mortality for T90 <=20% versus 18% for T90 >20%; no separate extractable nadir-SaO2 mortality estimate was reported.	round2	categorical_threshold	no	yes	no		yes
39206667	Vichova_2025_SHHS_DM_allcause_T90_gt9.1	SHHS_DM	mixed	USA	prospective subgroup cohort analysis	SHHS diabetes subgroup	community-based adults with diabetes	453	214 all-cause deaths	68.4	55.8		sleep-disordered breathing variables assessed in community cohort with diabetes	T90	percentage of sleep time with SpO2 <90%	>9.1% vs <=9.1%	categorical threshold	all-cause mortality	death from any cause	9.5	HR	1.86	1.27	2.72		adjusted hazard model with ventile-derived cutoff	age, sex, race, BMI, hypertension, SDB treatment, smoker status, and history of CVD	no	type II PSG	special_population_sensitivity	Table 3, Time of SpO2 <90%, all-cause mortality, DM row	Diabetes subgroup only; cutoff was selected empirically within the cohort and should stay in sensitivity analyses.	round2	categorical_threshold	no	yes	no		yes
39206667	Vichova_2025_SHHS_treatedDM_allcause_ODI_gt13.3	SHHS_treated_DM	mixed	USA	prospective subgroup cohort analysis	SHHS treated-diabetes subgroup	community-based adults with treated diabetes	not reported for treated-DM subgroup	not reported for treated-DM subgroup				sleep-disordered breathing variables assessed in treated diabetes subgroup	ODI	oxygen desaturation index (>=3% desaturations per hour)	>13.3 vs <=13.3	categorical threshold	all-cause mortality	death from any cause	9.5 mean in overall DM subgroup	HR	1.58	1.10	2.25		adjusted hazard model with ventile-derived cutoff	age, sex, race, BMI, hypertension, SDB treatment, smoker status, and history of CVD	no	type II PSG	special_population_sensitivity	Table 3, ODI, all-cause mortality, Treated DM row	Nested treated-DM subgroup; subgroup size and event count were not reported in accessible full text.	round2	categorical_threshold	no	yes	no		yes
37947123	Heinzinger_2023_Cleveland_incAF_T90_per10	STARLIT_noBaselineAF	mixed	USA	retrospective clinical cohort	Cleveland Clinic sleep-study cohort	clinical sleep-study patients without baseline AF	42057	1947 incident AF events	50.7	51.3	33.2 median	clinical sleep-study cohort; not restricted to OSA at entry	T90	percentage of time oxygen saturation is <90%	per 10-unit increase	continuous standardized	incident atrial fibrillation	first AF diagnosis within 5 years identified from ICD-9/10-based electronic medical records	5	HR	1.06	1.04	1.08		Table 2 fully adjusted model	age, sex, race, BMI, smoking history, COPD, CAD, heart failure, myocardial infarction, CABG, hypertension, diabetes, hyperlipidemia, antiarrhythmic medications, and PAP therapy	no	clinical sleep study	continuous_standardized_main	Table 2; Figure 2B; Primary Analysis paragraph	Main hypoxia row for AF pooling from a large clinical cohort.	round3	continuous_fixed_increment	yes	no	no		yes
37947123	Heinzinger_2023_Cleveland_incAF_minSpO2_per10decrease	STARLIT_noBaselineAF	mixed	USA	retrospective clinical cohort	Cleveland Clinic sleep-study cohort	clinical sleep-study patients without baseline AF	42057	1947 incident AF events	50.7	51.3	33.2 median	clinical sleep-study cohort; not restricted to OSA at entry	nadir SpO2	minimum oxygen saturation during the sleep study	per 10-unit decrease	continuous standardized	incident atrial fibrillation	first AF diagnosis within 5 years identified from ICD-9/10-based electronic medical records	5	HR	1.09	1.03	1.15		Table 2 fully adjusted model	age, sex, race, BMI, smoking history, COPD, CAD, heart failure, myocardial infarction, CABG, hypertension, diabetes, hyperlipidemia, antiarrhythmic medications, and PAP therapy	no	clinical sleep study	continuous_standardized_main	Table 2; Figure 2C; Primary Analysis paragraph	In-scope nadir-SpO2 AF row from the same cohort.	round3	continuous_fixed_increment	yes	no	no		yes
40008168	Mazzotti_2025_SHHSfreeCVD_CVmort_HB_log_B3	SHHS_freeCVD_OSAframe	mixed	USA	prospective cohort secondary analysis	SHHS	community-based adults with symptom data and high-quality oxygen signals, free of baseline CVD	3714	223 cardiovascular deaths	63.0	44.2		OSA-framed SHHS cohort; no baseline CVD	HB	respiration-event-related hypoxic burden, natural log transformed as ln(HB+0.1)	per 1-unit increase in log-transformed HB	continuous log-scale	CVD mortality	cardiovascular death over follow-up	11.7 median	HR	1.22	0.95	1.56		Model B3	symptom subtypes plus age, sex, BMI, race, ethnicity, alcohol use, smoking status, COPD, type 2 diabetes, hypertension, HDL, total cholesterol, triglycerides, lipid-lowering medication, total sleep time, and baseline CVD indicator in model specification	no	home-based PSG	continuous_log_main	Table 1, Model B3, cardiovascular mortality	HB effect adjusted for symptom subtypes and clinical covariates, but not for AHI/T90/nadir.	round3	continuous_log	yes	no	yes	same_article_same_cohort_same_outcome_alt_model	yes
40008168	Mazzotti_2025_SHHSfreeCVD_CVmort_HB_log_C3	SHHS_freeCVD_OSAframe	mixed	USA	prospective cohort secondary analysis	SHHS	community-based adults with symptom data and high-quality oxygen signals, free of baseline CVD	3698	223 cardiovascular deaths	63.0	44.2		OSA-framed SHHS cohort; no baseline CVD	HB	respiration-event-related hypoxic burden, natural log transformed as ln(HB+0.1)	per 1-unit increase in log-transformed HB	continuous log-scale	CVD mortality	cardiovascular death over follow-up	11.7 median	HR	1.63	1.13	2.35		Model C3	symptom subtypes plus clinical covariates and additional OSA severity measures including AHI, T90, and oxygen saturation nadir	yes	home-based PSG	ahi_adjusted_sensitivity	Table 1, Model C3, cardiovascular mortality	This is the paper's highlighted incremental-risk result; treat as AHI/other-severity-adjusted sensitivity rather than the default main estimate.	round3	continuous_log	no	yes	yes	same_article_same_cohort_same_outcome_alt_model	no
40008168	Mazzotti_2025_SHHSfreeCVD_MACE_HB_log_B3	SHHS_freeCVD_OSAframe	mixed	USA	prospective cohort secondary analysis	SHHS	community-based adults with symptom data and high-quality oxygen signals, free of baseline CVD	3714	947 MACE events	63.0	44.2		OSA-framed SHHS cohort; no baseline CVD	HB	respiration-event-related hypoxic burden, natural log transformed as ln(HB+0.1)	per 1-unit increase in log-transformed HB	continuous log-scale	MACE	first major adverse cardiovascular event including CHD, heart failure, stroke, or cardiovascular mortality	11.4 median	HR	0.98	0.87	1.11		Model B3	symptom subtypes plus age, sex, BMI, race, ethnicity, alcohol use, smoking status, COPD, type 2 diabetes, hypertension, HDL, total cholesterol, triglycerides, lipid-lowering medication, total sleep time, and baseline CVD indicator in model specification	no	home-based PSG	continuous_log_main	Table 1, Model B3, MACE	Null HB-MACE result in the free-of-baseline-CVD SHHS cohort.	round3	continuous_log	yes	no	yes	same_article_same_cohort_same_outcome_alt_model	yes
40008168	Mazzotti_2025_SHHSfreeCVD_MACE_HB_log_C3	SHHS_freeCVD_OSAframe	mixed	USA	prospective cohort secondary analysis	SHHS	community-based adults with symptom data and high-quality oxygen signals, free of baseline CVD	3698	947 MACE events	63.0	44.2		OSA-framed SHHS cohort; no baseline CVD	HB	respiration-event-related hypoxic burden, natural log transformed as ln(HB+0.1)	per 1-unit increase in log-transformed HB	continuous log-scale	MACE	first major adverse cardiovascular event including CHD, heart failure, stroke, or cardiovascular mortality	11.4 median	HR	1.05	0.89	1.23		Model C3	symptom subtypes plus clinical covariates and additional OSA severity measures including AHI, T90, and oxygen saturation nadir	yes	home-based PSG	ahi_adjusted_sensitivity	Table 1, Model C3, MACE	Incremental model remained null for MACE after adjustment for other OSA severity measures.	round3	continuous_log	no	yes	yes	same_article_same_cohort_same_outcome_alt_model	no
30376054	Azarbarzin_2019_MrOS_CVDmort_log10HB_M4	MrOS	men	USA	prospective cohort	MrOS Sleep Study	community-based older men; not restricted to OSA at entry	2743	440 CVD deaths	76.3	100		not restricted to OSA at cohort entry	HB	total area under respiratory event-related desaturation curve from pre-event baseline divided by sleep duration	per 1-unit increase in log10-transformed HB	continuous log-scale	CVD mortality	underlying cause of death adjudicated as cardiovascular disease	10.0	HR	2.03	1.37	3.00	<0.001	Model 4	age, BMI, race, sleep duration, smoking, alcohol, COPD, renal failure, AHI, MinSat, TST90, hypertension, diabetes, stroke, concurrent CVD, and lipid-lowering medication use	yes	unattended home PSG	continuous_log_main	Supplementary Table S3 Model 4; user-supplied supplement docx	Continuous CVD-mortality row resolves the prior supplement-access gap for MrOS and is directly AHI/MinSat/TST90 adjusted.	round4	continuous_log	yes	no	yes	same_article_same_cohort_same_outcome_alt_scale	yes
30376054	Azarbarzin_2019_SHHS_CVDmort_log10HB_M4	SHHS	mixed	USA	prospective cohort	SHHS	community-based middle-aged and older adults; not restricted to OSA at entry	4672	313 CVD deaths	63.7	47.2		not restricted to OSA at cohort entry	HB	total area under respiratory event-related desaturation curve from pre-event baseline divided by sleep duration	per 1-unit increase in log10-transformed HB	continuous log-scale	CVD mortality	underlying cause of death adjudicated as cardiovascular disease	10.9	HR	1.73	1.08	2.78	<0.05	Model 4	age, BMI, race, sex, sleep duration, study site, smoking, AHI, MinSat, TST90, hypertension, diabetes, stroke, prevalent angina/myocardial infarction/coronary revascularization, and lipid-lowering medication use	yes	unattended PSG	continuous_log_main	Supplementary Table S3 Model 4; user-supplied supplement docx	Continuous CVD-mortality row resolves the prior supplement-access gap for SHHS and is directly AHI/MinSat/TST90 adjusted.	round4	continuous_log	yes	no	yes	same_article_same_cohort_same_outcome_alt_scale	yes
34648724	Trzepizur_2022_PaysLoire_MACE_logHB_M2	PaysLoire_clinicalOSA	mixed	France	prospective clinical cohort	Pays de la Loire cohort	newly diagnosed clinical OSA without overt cardiovascular disease	5358	592 MACE events	60 median	63.7	30 median	clinical OSA cohort without overt baseline cardiovascular disease	HB	total area under respiratory event-related desaturation curve	per 1-unit increase in natural log-transformed HB	continuous log-scale	MACE	composite outcome including all-cause mortality, acute myocardial infarction, stroke, and unplanned coronary revascularization	6.5 median	HR	1.21	1.07	1.38	0.0024	Model 2	age, sex, BMI, smoking status, prevalent diabetes/COPD/hypertension, type of sleep study, study site, beta-blocker/calcium channel blocker use, plus CPAP treatment	no	mixed PSG or HSAT	continuous_log_main	Table 2 Model 2; user-supplied PDF	Primary clinical-cohort HB anchor with CPAP-adjusted MACE model; all-cause mortality was discussed separately in text but was not rowed because the extracted snippet did not restate the model label.	round4	continuous_log	yes	no	no		yes
34648724	Trzepizur_2022_PaysLoire_MACE_logT90_M2	PaysLoire_clinicalOSA	mixed	France	prospective clinical cohort	Pays de la Loire cohort	newly diagnosed clinical OSA without overt cardiovascular disease	5358	592 MACE events	60 median	63.7	30 median	clinical OSA cohort without overt baseline cardiovascular disease	T90	percentage of recording time with SaO2 <90%	per 1-unit increase in natural log-transformed T90	continuous log-scale	MACE	composite outcome including all-cause mortality, acute myocardial infarction, stroke, and unplanned coronary revascularization	6.5 median	HR	1.34	1.16	1.55	<0.0001	Model 2	age, sex, BMI, smoking status, prevalent diabetes/COPD/hypertension, type of sleep study, study site, beta-blocker/calcium channel blocker use, plus CPAP treatment	no	mixed PSG or HSAT	continuous_log_main	Table 2 Model 2; user-supplied PDF	T90 remained significant in the fully adjusted clinical-cohort model and can serve as a main T90 anchor alongside the HB row from the same cohort.	round4	continuous_log	yes	no	no		yes
30590586	Baumert_2020_MrOS_CVDmort_ODI_perSD	MrOS	men	USA	prospective cohort	MrOS Sleep Study	community-based older men; not restricted to OSA at entry	2840	185 CVD deaths		100		not restricted to OSA at cohort entry	ODI	number of acute episodic desaturations per hour	per 1 SD increase	continuous standardized	CVD mortality	cardiovascular mortality / cardiovascular death	8.8 mean	HR	1.16	0.97	1.38	0.097	Multivariable Cox model	race, age, weight status, PASE score, smoking, alcohol consumption, diabetes, hypertension, heart failure, COPD, and AHI	yes	overnight oximetry derived from polysomnography	continuous_standardized_main	Table 2 multivariable analysis; PMC full text	Adjusted ODI was not independently associated with CVD mortality in this MrOS analysis; retain as useful negative comparator evidence within the ODI family.	round5	continuous_standardized	yes	no	no		yes
30590586	Baumert_2020_MrOS_CVDmort_T90_perSD	MrOS	men	USA	prospective cohort	MrOS Sleep Study	community-based older men; not restricted to OSA at entry	2840	185 CVD deaths		100		not restricted to OSA at cohort entry	T90	time spent below 90% oxygen saturation	per 1 SD increase	continuous standardized	CVD mortality	cardiovascular mortality / cardiovascular death	8.8 mean	HR	1.16	1.05	1.28	0.004	Multivariable Cox model	race, age, weight status, PASE score, smoking, alcohol consumption, diabetes, hypertension, heart failure, COPD, and AHI	yes	overnight oximetry derived from polysomnography	continuous_standardized_main	Table 2 multivariable analysis; PMC full text	Directly fills the previously unextracted T90 and cardiovascular mortality gap with an AHI-adjusted MrOS row.	round5	continuous_standardized	yes	no	yes	same_article_same_cohort_same_outcome_alt_scale	yes
30590586	Baumert_2020_MrOS_CVDmort_T90_Q4gt12min	MrOS	men	USA	prospective cohort	MrOS Sleep Study	community-based older men; not restricted to OSA at entry	2840	185 CVD deaths		100		not restricted to OSA at cohort entry	T90	time spent below 90% oxygen saturation	highest quartile (>12 min) vs lower quartiles	categorical high vs low	CVD mortality	cardiovascular mortality / cardiovascular death	8.8 mean	HR	1.59	1.14	2.22	0.006	Multivariable Cox model	race, age, weight status, PASE score, smoking, alcohol consumption, diabetes, hypertension, heart failure, COPD, and AHI	yes	overnight oximetry derived from polysomnography	categorical_high_vs_low_main	Table 2 multivariable analysis; PMC full text	Categorical T90 row uses the paper's highest-quartile threshold rather than a universal clinical cutoff, so it should be pooled only with clearly comparable categorical T90 studies.	round5	categorical_high_vs_low	yes	no	yes	same_article_same_cohort_same_outcome_alt_scale	yes
39120771	Azakli_2024_clinicalOSA_allcause_ODI_per1unit	Azakli_clinicalOSA	mixed	Turkey	retrospective clinical cohort	single-centre referral sleep-clinic cohort	adults with OSA diagnosed in a referral sleep-disorders centre	3541	231 all-cause deaths	49.7	72		clinical OSA cohort	ODI	oxygen desaturation index (events per hour)	per 1-unit increase	continuous raw unit	all-cause mortality	death from any cause during long-term follow-up	5+	HR	1.007	1.001	1.013	0.01	Multivariate Cox model 2	OSA subtype, COPD, PLMS, age, sex, waist-to-hip ratio, Epworth Sleepiness Scale, CoSA score >=1, monocyte/HDL ratio, systemic immune-inflammation index; AHI omitted because of collinearity with ODI	no	polysomnography	continuous_raw_unit_main	Table 5 model 2, ODI row, external PDF copy	This is currently a single clinical-cohort ODI all-cause mortality row with exact multivariable effect size, but it does not include AHI in the same model because the authors separated AHI and ODI models.	round6	continuous_raw_unit	yes	no	no		yes
33433302	Blanchard_2021_multicenterOSA_incAF_T90_per1pct	Blanchard_multicenterOSA	mixed	France	retrospective multicenter clinical cohort	patients investigated for OSA in a multicenter referral network	AF-free patients investigated for clinical suspicion of OSA	7205	181 incident AF events	60 median	62.3	29 median	patients investigated for OSA	T90	percentage of recording time with oxygen saturation <90%	per 1% increase	continuous raw unit	incident atrial fibrillation	new-onset atrial fibrillation identified from linked administrative data	5.34 median	HR	1.01	1.00	1.02	0.0104	Adjusted Cox model	age, sex, body mass index, alcohol intake, diabetes, hypertension, history of cardiac disease, chronic obstructive pulmonary disease, beta blocker/calcium channel blocker medications, type of sleep study, study site, and positive airway pressure adherence	no	mixed PSG and other diagnostic sleep studies	continuous_raw_unit_main	Table 2 adjusted model, T90 continuous row, OUP web text	T90 was the only nocturnal hypoxemia index that remained independently associated with incident AF after multivariable adjustment.	round6	continuous_raw_unit	yes	no	yes	same_article_same_cohort_same_outcome_alt_scale	yes
33433302	Blanchard_2021_multicenterOSA_incAF_T90_q4	Blanchard_multicenterOSA	mixed	France	retrospective multicenter clinical cohort	patients investigated for OSA in a multicenter referral network	AF-free patients investigated for clinical suspicion of OSA	7205	181 incident AF events	60 median	62.3	29 median	patients investigated for OSA	T90	percentage of recording time with oxygen saturation <90%	highest quartile (>=6.8%) vs lowest quartile (<0.1%)	categorical high vs low	incident atrial fibrillation	new-onset atrial fibrillation identified from linked administrative data	5.34 median	HR	2.20	1.23	3.91	0.0075	Adjusted Cox model	age, sex, body mass index, alcohol intake, diabetes, hypertension, history of cardiac disease, chronic obstructive pulmonary disease, beta blocker/calcium channel blocker medications, type of sleep study, study site, and positive airway pressure adherence	no	mixed PSG and other diagnostic sleep studies	categorical_high_vs_low_main	Table 2 adjusted model, T90 category row, OUP web text	The highest T90 quartile was associated with incident AF, while ODI, nadir oxygen saturation, and hypoxic burden category analyses were not independently significant after adjustment.	round6	categorical_high_vs_low	yes	no	yes	same_article_same_cohort_same_outcome_alt_scale	yes
11734445	Mooe_2001_CAD_ODI5_Cerebrovascular	CADSweden2001	mixed	Sweden	prospective cohort	coronary angiography CAD cohort	adults aged 70 years or younger with verified coronary artery disease	408					AHI >=10 or ODI >=5 used to define sleep-disordered breathing	ODI	ODI >=5 events/hour defining nocturnal hypoxaemia-associated sleep-disordered breathing	ODI >=5 vs <5	categorical high vs low	cerebrovascular events	stroke or transient ischemic attack during follow-up	5.1 median	HR	2.62	1.26	5.46	0.01	multivariable Cox model	age, sex, body mass index, hypertension, diabetes, left ventricular dysfunction, and coronary intervention	no	hospital overnight sleep study with oximetry and airflow	sensitivity_specialized_cad	Table 3 / abstract in sleep-disordered-breathing-and-coronary-artery-disease.pdf	CAD cohort with hard cerebrovascular outcomes; the composite endpoint estimate was also reported but the adjusted cerebrovascular row is the clearest protocol-relevant estimate recoverable from the full text.	round12	categorical_high_vs_low	yes	no	no		yes
21724460	Johansson_2011_ElderlyCVD_ODI10_AllCause	CoroKindElderly2011	mixed	Sweden	prospective community cohort	CoroKind elderly community subgroup	community-dwelling elderly with cardiovascular disease and impaired systolic function by NT-proBNP			78			home unattended sleep study in an elderly community cohort	ODI	ODI >=10 events/hour in the subgroup with cardiovascular disease and impaired systolic function	ODI >=10 vs <10	categorical high vs low	all-cause mortality	death from any cause in the high-risk elderly subgroup	4.5 mean	HR	3.0	1.1	8.6	0.03	multivariable Cox model	age, gender, diabetes, and plasma NT-proBNP	no	unattended home portable sleep study	sensitivity_specialized_elderly_cvd	Abstract / Results in 1-s2.0-S1389945711001523-main.pdf	The overall elderly community cohort did not show a mortality association; the extracted effect is limited to the prespecified high-risk subgroup with cardiovascular disease and impaired systolic function.	round12	categorical_high_vs_low	yes	no	no		yes
24342759	Ohmura_2014_ADHF_ODI4_SDB_Composite	ADHF_LVSystolic2014	mixed	Japan	prospective hospital cohort	predischarge ADHF LV systolic dysfunction cohort	hospitalized adults with left ventricular systolic dysfunction after acute decompensated heart failure	100	33				sleep-disordered breathing defined by 4% ODI threshold on predischarge nocturnal pulse oximetry	ODI	4% oxygen desaturation index >=5 events/hour used to define SDB	SDB vs non-SDB	categorical high vs low	composite readmission or mortality	death or readmission for acute decompensated heart failure after discharge	1.2 mean	HR	2.93	1.36	6.31	0.006	final multivariable stepwise Cox model	women, systolic blood pressure per standard deviation, hemoglobin per standard deviation, B-type natriuretic peptide per standard deviation, and SDB	no	predischarge nocturnal pulse oximetry	sensitivity_specialized_adhf	Table 2 / abstract in PIIS0002914913022662.pdf	Specialized acute heart-failure cohort; useful for the ODI hard-outcome evidence map but not protocol-concordant for the default OSA-centered main pool.	round12	categorical_high_vs_low	yes	no	no		yes
26612581	Oldenburg_2016_HFREF_T90_h_AllCause	HFREF_Germany2016	mixed	Germany	prospective cohort	stable HF-REF cohort	chronic stable heart failure with reduced ejection fraction and mixed SDB phenotypes	963	480				unattended in-hospital polygraphy in heart failure with reduced ejection fraction	T90	time with oxygen saturation <90%, modeled per hour	per hour increase	continuous	all-cause mortality	death from any cause during follow-up	7.35 median	HR	1.161	1.086	1.242	<0.001	adjusted Cox model (Table 3)	age, sex, body mass index, NYHA class, left ventricular ejection fraction, cardiac resynchronization therapy, ischaemic cardiomyopathy, diabetes, beta-blocker use, and digitalis	no	in-hospital polygraphy	sensitivity_specialized_hfref_mixedsdb	Table 3 / abstract in ehv624.pdf	This is a robust T90 mortality estimate, but the cohort is a heart-failure population with mixed obstructive and central SDB rather than a clinical OSA cohort.	round12	continuous_fixed_increment_hour	yes	no	no		yes
35131555	Chung_2022_Surgery_ODI30_PostopCV	POSA2022	mixed	Multinational	post hoc prospective cohort	POSA surgical cohort	adults with cardiovascular risk factors undergoing major non-cardiac surgery and unrecognized OSA	1218		67.2		27.0	preoperative overnight oximetry-derived OSA severity by ODI categories	ODI	preoperative ODI >=30 events/hour	ODI >=30 vs <30	categorical high vs low	30-day postoperative cardiovascular events	composite of myocardial injury, cardiac death, congestive heart failure, thromboembolism, atrial fibrillation, and stroke within 30 days	0.08	HR	1.63	1.05	2.53		multivariable Cox model	post hoc POSA multivariable model; full retained covariate list was not recoverable from the PDF text layer	no	preoperative overnight pulse oximetry	sensitivity_specialized_perioperative	Abstract in 1-s2.0-S0952818022000095-main.pdf	Protocol-adjacent ODI signal in a perioperative unrecognized-OSA setting; keep as specialized sensitivity evidence rather than merge with chronic OSA prognostic cohorts.	round12	categorical_high_vs_low	yes	no	no		yes
34677657	Suzuki_2022_AFablation_T90gt20_Recurrence	AFCAJapan2022	mixed	Japan	retrospective cohort	AF catheter ablation cohort	atrial fibrillation patients undergoing ambulatory sleep study before catheter ablation	290	45				ambulatory sleep study among AF referrals undergoing catheter ablation	T90	T90 >20% severe nocturnal hypoxaemia among patients not receiving CPAP	>20% vs <=20%	categorical high vs low	atrial tachyarrhythmia recurrence	recurrence after final catheter ablation	1.31 median	HR	8.53	1.872	38.814	<0.01	multivariable Cox model in the non-CPAP subgroup	severe nocturnal hypoxaemia and left atrial volume index retained in the non-CPAP multivariable model	no	ambulatory WatchPAT study	sensitivity_specialized_postablation_af	Abstract / Results in s00380-021-01969-x.pdf	Important AF-recurrence signal but highly specialized to post-ablation patients and restricted to the non-CPAP subgroup.	round12	categorical_high_vs_low	yes	no	no		yes
40056262	Xu_2025_OSAACS_RCIR_LogODI_MACCE	OSAACS_RCIR2025	mixed	China	prospective cohort post hoc subgroup analysis	OSA-ACS RCIR subgroup	acute coronary syndrome patients with dual remnant-cholesterol and low-grade-inflammation risk						OSA-ACS cohort with sleep study and exclusion of central sleep apnea	ODI	log-transformed ODI in the RCIR subgroup	log-unit increase	continuous	MACCE	composite of cardiovascular death, myocardial infarction, stroke, unstable-angina or heart-failure hospitalization, and ischaemia-driven revascularization	2.9 median	HR	1.813	1.039	3.163	0.036	adjusted Cox model in RCIR subgroup	comprehensively adjusted subgroup model; exact retained covariates were not fully recoverable from the PDF text layer	no	sleep study in hospitalized ACS cohort	sensitivity_specialized_acs_subgroup	Abstract / Results in s11325-025-03281-8.pdf	Post hoc ACS subgroup analysis; relevant because ODI is explicitly modeled, but this is not a general OSA prognostic cohort.	round12	continuous_log	yes	no	no		yes
40056262	Xu_2025_OSAACS_RCIR_LogNadir_MACCE	OSAACS_RCIR2025	mixed	China	prospective cohort post hoc subgroup analysis	OSA-ACS RCIR subgroup	acute coronary syndrome patients with dual remnant-cholesterol and low-grade-inflammation risk						OSA-ACS cohort with sleep study and exclusion of central sleep apnea	nadir SpO2	log-transformed nadir SaO2 in the RCIR subgroup	log-unit increase	continuous	MACCE	composite of cardiovascular death, myocardial infarction, stroke, unstable-angina or heart-failure hospitalization, and ischaemia-driven revascularization	2.9 median	HR	0.033	0.001	0.769	0.034	adjusted Cox model in RCIR subgroup	comprehensively adjusted subgroup model; exact retained covariates were not fully recoverable from the PDF text layer	no	sleep study in hospitalized ACS cohort	sensitivity_specialized_acs_subgroup	Abstract / Results in s11325-025-03281-8.pdf	Inverse nadir-SaO2 association is directionally coherent with worse hypoxaemia burden conferring higher risk; keep as specialized subgroup sensitivity.	round12	continuous_log	yes	no	no		yes
30243978	Kendzerska_2018_SuspectedOSA_T90gt30pct_IncidentHospAF	Ontario_suspectedOSA_2018	mixed	Canada	historical clinical cohort	suspected OSA diagnostic-sleep-study cohort	adults referred to a large academic hospital with suspected OSA and no baseline arrhythmia	8256	173	47 median	62		first diagnostic sleep study for suspected OSA; OSA severity separately characterized by AHI	T90	more than 30% of sleep time with oxygen saturation <90%	>30% vs <=30%	categorical high vs low	incident hospitalized atrial fibrillation	new hospitalization with atrial fibrillation over follow-up, identified through linked provincial administrative data	10 median	HR	1.77	1.15	2.74		multivariable Cox model with BMI and hypertension added	age, sex, alcohol consumption, smoking status, previous heart failure, COPD, pulmonary embolism, body mass index, and hypertension	no	diagnostic sleep study	categorical_high_vs_low_main	Abstract / Results in j.chest.2018.08.1075.pdf	Clinical suspected-OSA cohort. Nocturnal hypoxemia remained significant after additional adjustment, whereas AHI did not. Keep distinct from existing AF cells because the endpoint is hospitalized AF and the threshold is >30% T90.	round13	categorical_high_vs_low	yes	no	no		yes
29277336	RiveraLopez_2018_HF_nocturnalHypoxemia_PositivePulseOx_Composite	Spain_ADHF_2018	mixed	Spain	prospective hospital cohort	decompensated heart failure pulse-oximetry cohort	consecutively hospitalized adults with decompensated heart failure	38	17	70.7	63.3		portable nocturnal pulse oximetry during hospitalization in a heart-failure cohort with sleep-disordered-breathing risk	nocturnal hypoxemia	positive pulse oximetry when more than 10 desaturations per hour were recorded during sleep	positive vs negative	categorical high vs low	composite mortality or HF readmission	combined endpoint of all-cause mortality and hospital readmission due to heart failure	2.5 mean	HR	8.37	1.19	68.4	0.03	multivariable Cox model	multivariable model reported in full text; exact retained covariates were not recoverable from the PDF text layer	no	portable nocturnal pulse oximetry	sensitivity_specialized_hf_nocthypox	Abstract / Results in j.medcli.2017.11.024.pdf	Very small specialized heart-failure cohort. Useful for the sensitivity evidence map of nocturnal hypoxemia, but not protocol-concordant for the default adult-OSA main pool.	round13	categorical_high_vs_low	yes	no	no		yes
8889364	Mooe_1996_PostCABG_ODI5_PostopAF	PostCABG_Sweden1996	mixed	Sweden	prospective surgical cohort	coronary artery bypass surgery cohort	consecutive adults undergoing coronary artery bypass surgery with preoperative sleep study	121	32				sleep-disordered breathing defined preoperatively by AHI >=5 or ODI >=5	ODI	ODI >=5 events/hour defining sleep-disordered breathing with nocturnal hypoxaemia	ODI >=5 vs <5	categorical high vs low	post-CABG atrial fibrillation	atrial fibrillation after coronary artery bypass surgery requiring pharmacological intervention or cardioversion before discharge	in-hospital postoperative follow-up	RR	2.8	1.2	6.8		multiple logistic regression model	age, left ventricular function, aortic cross-clamp time, maximum postoperative lactate dehydrogenase, and ODI-defined disordered breathing	no	preoperative sleep study	sensitivity_specialized_postcabg_af	PubMed abstract for PMID 8889364	Abstract-level extraction only. ODI-defined disordered breathing, not AHI, was the independent postoperative AF predictor in this specialized CABG cohort.	round14	categorical_high_vs_low	no	yes	no		yes
36642535	Onuki_2023_CIRCS_ODI5_IncidentCVD	CIRCS_Japan_community	mixed	Japan	prospective community cohort	CIRCS cohort	community-dwelling Japanese adults initially free of ischemic heart disease and stroke	5313	185 CVD events				nocturnal intermittent hypoxia as a surrogate marker of OSA in a community cohort	ODI	3% oxygen desaturation index >=5 events/hour	ODI >=5 vs <5	categorical high vs low	incident CVD	incident composite cardiovascular disease including stroke and coronary heart disease	12.8 median	HR	1.49	1.09	2.03		multivariable Cox model	age, sex, body mass index, alcohol, and smoking	no	community overnight oximetry	sensitivity_general_population_osa_surrogate	PubMed abstract for PMID 36642535	Community-based nocturnal intermittent hypoxia paper with extractable adjusted CVD-composite HR. Retain as general-population OSA-surrogate sensitivity evidence rather than as a core OSA cohort.	round16	categorical_high_vs_low	no	yes	no		yes
40818776	Peker_2025_RICCADSA_highHB_MACCE	RICCADSA_observationalOSA_CAD	mixed	Sweden	secondary analysis of observational cohort	RICCADSA observational cohort	adults with moderate-to-severe OSA and coronary artery disease	368					OSA defined as AHI >=15 events/hour	HB	high hypoxic burden defined above the cohort median of 60.7 %min/h	high vs low HB by median split	categorical high vs low	MACCE	incident first major adverse cardiovascular and cerebrovascular event	4.7 median	HR	1.87	1.17	2.98	0.009	adjusted Cox model	multivariable model in the observational RICCADSA cohort; detailed covariate list not fully recovered from the abstract text	no	sleep study in coronary artery disease cohort	sensitivity_specialized_secondary_prevention	PubMed abstract for PMID 40818776	Specialized secondary-prevention cohort. High HB, but not AHI >=30/h, was associated with MACCEs. Keep as a specialized HB-MACCE sensitivity/comparator row rather than merge with the default pooled core.	round16	categorical_high_vs_low	no	yes	no		yes
35304425	Xu_2023_HongKongClinic_TST90_MACE_spline	HongKong_sleep_clinic_osa	mixed	China	prospective sleep clinic cohort	Hong Kong sleep clinic cohort	adults referred for polysomnography in a Hong Kong sleep clinic	1860	278 MACEs				sleep-clinic polysomnography cohort with OSA-related physiology	T90	sleep time with oxygen saturation below 90% (TST90)	spline contrast 36.4 vs 0.7 min	continuous spline contrast	MACE	incident fatal or non-fatal major adverse cardiovascular events	8.3 median	HR	1.41	1.10	1.81		multivariable Cox model with spline-transformed TST90 contrast	multivariable model adjusting for demographic factors, cardiometabolic risk factors, medication use, and AHI entered jointly with TST90	yes	in-laboratory polysomnography linked to territory-wide administrative outcomes	continuous_spline_contrast_main	Table 2 multivariable model; TST90 36.4 vs 0.7 min contrast in thoraxjnl-2021-217714.pdf	Strong new sleep-clinic T90/TST90 hard-composite anchor, but retained as non-pooled because the published estimate is a spline-derived contrast rather than a directly poolable shared scale.	round26_upgrade	continuous_spline_contrast	yes	no	no		yes
33394326	Labarca_2021_SantOSA_T90_CVmort_per1pct	SantOSA_osa_diabetes	mixed	Chile	prospective cohort	SantOSA	adults referred for sleep study with OSA and diabetes-comorbidity stratification	1447					moderate-to-severe OSA cohort with diabetes-comorbidity framing	T90	percentage of sleep time with oxyhemoglobin saturation below 90% (T90%)	per 1% increase	continuous increment	CVD mortality	incident cardiovascular mortality	5 mean	HR	1.02	1.01	1.04	0.03	multivariable Cox model	multivariable Cox model within the SantOSA OSA-diabetes cohort; detailed covariate list was not fully transcribed into the current worksheet	no	diagnostic sleep-study referral cohort	continuous_raw_unit_main	Results text in s11325-020-02283-y.pdf; T90% independently associated with CV mortality	Strengthens the T90-cardiovascular-mortality line, but remains non-pooled because the published estimate is on a per-1% scale in a diabetes-enriched SantOSA phenotype rather than on a directly shared scale with the existing community anchor.	round26_upgrade	continuous_raw_unit	yes	no	no		yes
20339144	Redline_2010_SHHSmen_T90_Stroke_tertile3	SHHS_men_stroke	men	USA	prospective community cohort	SHHS	community-dwelling men in the Sleep Heart Health Study	2462					community cohort with OSA-related physiology, not restricted to clinic-defined OSA at entry	T90	percentage of sleep time with oxygen saturation below 90%	third tertile (1.96%-100%) vs 0-value reference	categorical threshold	incident ischemic stroke	first incident ischemic stroke during follow-up	8.7 median	HR	1.46	0.71	2.98		fully adjusted Cox model among men	fully adjusted male-specific model including demographic and vascular stroke-risk covariates	no	unattended home polysomnography	categorical_high_vs_low_main	Table 3, fully adjusted male model, time <90% O2 saturation III tertile in PMC2913239	Important community negative/uncertain stroke-family row that thickens the cerebrovascular evidence map, but remains non-poolable because the thresholding and outcome framing are not synthesis-ready.	round26_upgrade	categorical_threshold	yes	no	no		yes
40132385	Wang_2025_SHHSOSA_HB_Q4_incAF	SHHS_osa_without_baseline_AF	mixed	USA	prospective cohort secondary analysis	SHHS OSA without baseline AF cohort	adults with OSA from SHHS without pre-existing atrial fibrillation	1660	190 incident AF				OSA participants from SHHS without baseline atrial fibrillation	HB	hypoxic burden quartiles	fourth quartile vs first quartile	categorical high vs low	incident atrial fibrillation	first incident atrial fibrillation during follow-up	5.3 mean	OR	1.70	1.04	2.81	0.038	multivariable logistic regression	multivariable model adjusting for major demographic and cardiovascular covariates	no	home polysomnography in the Sleep Heart Health Study	sensitivity_overlap_shhs_or	Results in 1-s2.0-S1389945725001339-main.pdf; HB Q4 vs Q1 incident AF	Overlap-prone SHHS reuse with OR-based AF modeling. Retain as sensitivity/comparator evidence rather than as a primary AF anchor.	round26_upgrade	categorical_high_vs_low	no	yes	no		yes
41733912	Bailly_2026_SASHB_ge80_postopComposite	French_major_noncardiothoracic_surgery	mixed	France	multicenter clinic-based cohort	French major noncardiothoracic surgery cohort	adults with OSA undergoing major noncardiothoracic surgery	2286	80 primary outcomes				adults with diagnosed OSA undergoing major noncardiothoracic surgery	SASHB	sleep apnea-specific hypoxic burden tertiles	>=80 vs <32 %min/h	categorical threshold	30-day postoperative cardiovascular events	composite of stroke, atrial fibrillation, heart failure, myocardial infarction, venous thromboembolism, and all-cause mortality within 30 days of surgery	0.08	OR	2.79	1.42	5.49		multivariable logistic regression	multivariable perioperative model including age, emergency admission, and surgical-risk covariates	no	preoperative diagnostic sleep study linked to administrative surgical outcomes	sensitivity_specialized_perioperative	Abstract and Results in bailly_2026_oi_260001_1772557663.82791.pdf	Specialized perioperative translational cohort that thickens the SASHB hard-outcome layer, but the 30-day postoperative composite is not directly comparable with chronic OSA prognostic cells.	round26_upgrade	categorical_threshold	no	yes	no		yes
27464791	Xie_2016_PostMI_minSaO2le85_MACE	recent_postMI_osa	mixed	USA	prospective cohort	recent myocardial infarction cohort	adults hospitalized with recent myocardial infarction and post-event PSG	98	33 MACE events				post-MI adults without prior sleep-apnea diagnosis; central apnea and CPAP users excluded	nadir SpO2	nocturnal minimum oxygen saturation <=85%	<=85% vs >85%	categorical threshold	MACE	major adverse cardiac events after myocardial infarction	4 total	HR	6.05	1.79	20.46	0.004	multivariable Cox model with landmark analysis >=15 months	age, left ventricular ejection fraction, diabetes mellitus, oxygen desaturation index, and arousal index	no	full-night polysomnography after recent myocardial infarction	sensitivity_specialized_postmi	Table 3, minSaO2 model 1, >=15 months, PMC5015271	Specialized recent-post-MI cohort with a strong nadir oxygen saturation signal, but event-window landmarking and cardiac-population framing keep it in the sensitivity/comparator layer.	round26_upgrade	categorical_threshold	no	yes	no		yes
27464791	Xie_2016_PostMI_T90SaO2ge1p3_MACE	recent_postMI_osa	mixed	USA	prospective cohort	recent myocardial infarction cohort	adults hospitalized with recent myocardial infarction and post-event PSG	98	33 MACE events				post-MI adults without prior sleep-apnea diagnosis; central apnea and CPAP users excluded	T90	T90SaO2 threshold	>=1.3% vs <1.3%	categorical threshold	MACE	major adverse cardiac events after myocardial infarction	4 total	HR	1.25	0.50	3.16	0.630	multivariable Cox model	age, left ventricular ejection fraction, diabetes mellitus, oxygen desaturation index, and arousal index	no	full-night polysomnography after recent myocardial infarction	sensitivity_specialized_postmi	Table 3, T90SaO2 model, PMC5015271	Specialized post-MI T90 threshold analysis with a null estimate; useful as a negative specialized comparator row rather than a general OSA prognostic anchor.	round26_upgrade	categorical_threshold	no	yes	no		yes
37656346	HenriquezBeltran_2024_SHHS_T90_pSD_AllCause	SHHS_HB2024	mixed	USA	prospective community cohort secondary analysis	SHHS	community-based adults with complete baseline and follow-up data	4323		64 median	56		community cohort; not restricted to diagnosed OSA at entry	T90	percentage of sleep time with oxygen saturation below 90% (T90%)	per 1 SD increase	continuous standardized	all-cause mortality	death from any cause during follow-up	11.7 median	HR	1.18	1.10	1.26	<0.001	adjusted Cox regression model	age, sex, body mass index, hypertension, diabetes, chronic obstructive pulmonary disease, cardiovascular disease, tobacco history, and respiratory disturbance index	yes	unattended home polysomnography	single_publication_dualcohort_main	Abstract and Table 2 in s11325-023-02909-x.pdf	Dual-cohort T90 all-cause-mortality paper rescued during the final strict-review pass; this SHHS community-physiology row thickens the mortality map but was retained outside the four-cell pooled core because it would only create another single-publication dual-cohort cell.	round26_upgrade	continuous_standardized	yes	no	no		yes
37656346	HenriquezBeltran_2024_SantOSA_T90_pSD_AllCause	SantOSA_HB2024	mixed	Chile	prospective clinical cohort secondary analysis	SantOSA	adults in the SantOSA clinical cohort with complete baseline and follow-up data	1345		55 median	77		Santiago Obstructive Sleep Apnea clinical cohort	T90	percentage of sleep time with oxygen saturation below 90% (T90%)	per 1 SD increase	continuous standardized	all-cause mortality	death from any cause during follow-up	5.0 median	HR	1.34	1.04	1.71	0.021	adjusted Cox regression model	age, sex, body mass index, hypertension, diabetes, chronic obstructive pulmonary disease, cardiovascular disease, tobacco history, and respiratory disturbance index	yes	diagnostic sleep-study referral cohort	single_publication_dualcohort_main	Abstract and Table 2 in s11325-023-02909-x.pdf	More protocol-concordant clinical-cohort companion row from the same dual-cohort T90 all-cause-mortality paper; retained outside the four-cell pooled core because it still represents a single publication rather than independent replication.	round26_upgrade	continuous_standardized	yes	no	no		yes
