article_pmid	study_id	cohort_id	sex_subgroup	country	design	cohort_name	population_setting	analytic_n	events_n	n_age_mean	n_male_percent	n_bmi_mean	osa_definition	exposure_metric	exposure_definition	exposure_scale	comparator_type	outcome_primary	outcome_definition	follow_up_years	effect_measure	effect_estimate	ci_lower	ci_upper	p_value	model_used	adjustment_summary	ahi_adjusted	sleep_study_type	pooling_eligibility	source_location	notes	source_round	scale_family	main_pool_flag	sensitivity_flag	duplicate_cohort_flag	duplicate_reason	preferred_model_flag
30376054	Azarbarzin_2019_MrOS_CVDmort_Q5vsQ1	MrOS	men	USA	prospective cohort	MrOS Sleep Study	community-based older men; not restricted to OSA at entry	2743	440 CVD deaths	76.3	100		not restricted to OSA at cohort entry	HB	total area under respiratory event-related desaturation curve from pre-event baseline divided by sleep duration	highest quintile (>80th percentile) vs lowest quintile (<20th percentile)	categorical high vs low	CVD mortality	underlying cause of death adjudicated as cardiovascular disease	10.0	HR	2.73	1.71	4.36		Model 4	age, BMI, race, sleep duration, smoking, alcohol, COPD, renal failure, AHI, MinSat, TST90, hypertension, diabetes, stroke, concurrent CVD, and lipid-lowering medication use	yes	unattended home PSG	categorical_high_vs_low_main	Table 3 Model 4; MrOS results paragraph	Continuous log10-HB estimates were later resolved from Supplementary Table S3 and extracted in round4; keep Q5 vs Q1 as the paper's main categorical presentation.	round1	categorical_high_vs_low	yes	no	yes	same_article_same_cohort_same_outcome_alt_scale	yes
30376054	Azarbarzin_2019_SHHS_CVDmort_Q5vsQ1	SHHS	mixed	USA	prospective cohort	SHHS	community-based middle-aged and older adults; not restricted to OSA at entry	4672	313 CVD deaths	63.7	47.2		not restricted to OSA at cohort entry	HB	total area under respiratory event-related desaturation curve from pre-event baseline divided by sleep duration	highest quintile (>80th percentile) vs lowest quintile (<20th percentile)	categorical high vs low	CVD mortality	underlying cause of death adjudicated as cardiovascular disease	10.9	HR	1.96	1.11	3.43		Model 4	age, BMI, race, sex, sleep duration, study site, smoking, AHI, MinSat, TST90, hypertension, diabetes, stroke, prevalent angina/myocardial infarction/coronary revascularization, and lipid-lowering medication use	yes	unattended PSG	categorical_high_vs_low_main	Table 3 Model 4; SHHS results paragraph	All-cause mortality in SHHS was reported as non-significant in the main text; continuous log10-HB estimates were later extracted from Supplementary Table S3 in round4.	round1	categorical_high_vs_low	yes	no	yes	same_article_same_cohort_same_outcome_alt_scale	yes
32298733	Azarbarzin_2020_SHHS_men_incHF_SASHB_per1SD	SHHS_men	men	USA	prospective cohort secondary analysis	SHHS	community-based middle-aged and older adults; effect estimated from male subgroup via sex interaction	2259 men subgroup; 4535 in fully adjusted interaction model	not reported for men-only subgroup; 543 incident HF events overall	63.7	100	28.5	not restricted to OSA at cohort entry	SASHB	sleep apnea-specific area under desaturation curve from pre-event baseline	per 1 SD increase in natural log-transformed SASHB	continuous standardized	incident heart failure	first adjudicated fatal or nonfatal heart failure event	10.4	HR	1.18	1.02	1.37		Model 2b fully adjusted sex-interaction model	age, sex, sex*SASHB interaction, race, BMI, total sleep time, study site, smoking, COPD, diabetes, hypertension, prevalent CHD, and stroke	no	unattended type 2 PSG	continuous_standardized_main	Results paragraph p0095; Figure 4 caption	Competing-risk sensitivity HR was 1.19 (95% CI 1.02-1.38).	round1	continuous_standardized	yes	no	no		yes
32298733	Azarbarzin_2020_MrOS_men_incHF_SASHB_per1SD	MrOS_men	men	USA	prospective cohort secondary analysis	MrOS Sleep Study	community-based older men	2653; 2646 in fully adjusted model	145 incident HF cases	76.4	100	27.1	not restricted to OSA at cohort entry	SASHB	sleep apnea-specific area under desaturation curve from pre-event baseline	per 1 SD increase in natural log-transformed SASHB	continuous standardized	incident heart failure	first adjudicated fatal or nonfatal heart failure event	8.8	HR	1.22	1.02	1.45		Model 2b fully adjusted model	age, race, BMI, total sleep time, study site, smoking, COPD, diabetes, hypertension, prevalent CHD, and stroke	no	unattended type 2 PSG	continuous_standardized_main	Results paragraph p0100; Figure 5 caption	Competing-risk sensitivity HR was 1.24 (95% CI 1.03-1.50).	round1	continuous_standardized	yes	no	no		yes
37418748	Labarca_2023_MESA_hardCVD_HB_per1SD	MESA	mixed	USA	prospective cohort secondary analysis	MESA Sleep Study	community-based middle-aged and older adults; not restricted to OSA at entry	1891	110 incident hard CVD events		46.4		community cohort; not restricted to OSA	HB	total area under desaturation curve associated with all respiratory events per hour of sleep	per 1 SD increase in log-transformed standardized HB	continuous standardized	incident hard CVD	composite of myocardial infarction, resuscitated cardiac arrest, stroke, and CHD/stroke death	6.9 median	HR	1.45	1.14	1.84		Model 4	age, sex, race/ethnicity, BMI, hypertension, diabetes, smoking status, baseline wake SpO2, and desaturation sensitivity (HB/VB)	no	type 2 PSG	continuous_standardized_main	Table 2 Model 4; MESA results paragraph	Baseline characteristics were reported as medians: age 67 [61-75], BMI 27.9 [24.7-31.8], male 46.4%.	round1	continuous_standardized	yes	no	no		yes
37418748	Labarca_2023_MESA_allcause_HB_per1SD	MESA	mixed	USA	prospective cohort secondary analysis	MESA Sleep Study	community-based middle-aged and older adults; not restricted to OSA at entry	1973	196 all-cause deaths		46.4		community cohort; not restricted to OSA	HB	total area under desaturation curve associated with all respiratory events per hour of sleep	per 1 SD increase in log-transformed standardized HB	continuous standardized	all-cause mortality	death from any cause	6.9 median	HR	1.21	1.02	1.44		Model 4	age, sex, race/ethnicity, BMI, hypertension, diabetes, smoking status, baseline wake SpO2, and desaturation sensitivity (HB/VB)	no	type 2 PSG	continuous_standardized_main	Table 2 Model 4; MESA results paragraph	Baseline characteristics were reported as medians: age 67 [61-75], BMI 27.9 [24.7-31.8], male 46.4%.	round1	continuous_standardized	yes	no	no		yes
37418748	Labarca_2023_MrOS_incidentCVD_HB_per1SD	MrOS	men	USA	prospective cohort secondary analysis	MrOS Sleep Study	community-based older men; not restricted to OSA at entry	1518	382 incident CVD events		100		community cohort; not restricted to OSA	HB	total area under desaturation curve associated with all respiratory events per hour of sleep	per 1 SD increase in log-transformed standardized HB	continuous standardized	incident CVD	composite of any fatal or nonfatal CVD event including CHD, cerebrovascular disease, peripheral vascular disease, other CVD events, and heart failure	9.4 median	HR	1.13	1.02	1.26		Model 4	age, race, BMI, hypertension, diabetes, smoking status, COPD, preevent SpO2, and desaturation sensitivity (HB/VB)	no	full home PSG	continuous_standardized_main	Table 3 Model 4; MrOS results paragraph	Baseline characteristics were reported as medians: age 76 [72-80], BMI 27.0 [25.0-29.0], male 100%.	round1	continuous_standardized	yes	no	no		yes
37418748	Labarca_2023_MrOS_CVDdeath_HB_per1SD	MrOS	men	USA	prospective cohort secondary analysis	MrOS Sleep Study	community-based older men; not restricted to OSA at entry	2627			100		community cohort; not restricted to OSA	HB	total area under desaturation curve associated with all respiratory events per hour of sleep	per 1 SD increase in log-transformed standardized HB	continuous standardized	CVD mortality	cardiovascular death adjudicated by underlying cause of death	12.0 median	HR	1.22	1.10	1.35		Model 4	age, race, BMI, hypertension, diabetes, smoking status, COPD, preevent SpO2, and desaturation sensitivity (HB/VB)	no	full home PSG	continuous_standardized_main	Table 3 Model 4; MrOS results paragraph	Main-text excerpt did not report the exact number of CVD deaths in this 2023 article.	round1	continuous_standardized	yes	no	no		yes
37418748	Labarca_2023_MrOS_allcause_HB_per1SD	MrOS	men	USA	prospective cohort secondary analysis	MrOS Sleep Study	community-based older men; not restricted to OSA at entry	2627			100		community cohort; not restricted to OSA	HB	total area under desaturation curve associated with all respiratory events per hour of sleep	per 1 SD increase in log-transformed standardized HB	continuous standardized	all-cause mortality	death from any cause	12.0 median	HR	1.06	1.00	1.12		Model 4	age, race, BMI, hypertension, diabetes, smoking status, COPD, preevent SpO2, and desaturation sensitivity (HB/VB)	no	full home PSG	continuous_standardized_main	Table 3 Model 4; MrOS results paragraph	Main-text excerpt did not report the exact number of all-cause deaths in this 2023 article.	round1	continuous_standardized	yes	no	no		yes
37947123	Heinzinger_2023_Cleveland_incAF_T90_per10	STARLIT_noBaselineAF	mixed	USA	retrospective clinical cohort	Cleveland Clinic sleep-study cohort	clinical sleep-study patients without baseline AF	42057	1947 incident AF events	50.7	51.3	33.2 median	clinical sleep-study cohort; not restricted to OSA at entry	T90	percentage of time oxygen saturation is <90%	per 10-unit increase	continuous standardized	incident atrial fibrillation	first AF diagnosis within 5 years identified from ICD-9/10-based electronic medical records	5	HR	1.06	1.04	1.08		Table 2 fully adjusted model	age, sex, race, BMI, smoking history, COPD, CAD, heart failure, myocardial infarction, CABG, hypertension, diabetes, hyperlipidemia, antiarrhythmic medications, and PAP therapy	no	clinical sleep study	continuous_standardized_main	Table 2; Figure 2B; Primary Analysis paragraph	Main hypoxia row for AF pooling from a large clinical cohort.	round3	continuous_fixed_increment	yes	no	no		yes
37947123	Heinzinger_2023_Cleveland_incAF_minSpO2_per10decrease	STARLIT_noBaselineAF	mixed	USA	retrospective clinical cohort	Cleveland Clinic sleep-study cohort	clinical sleep-study patients without baseline AF	42057	1947 incident AF events	50.7	51.3	33.2 median	clinical sleep-study cohort; not restricted to OSA at entry	nadir SpO2	minimum oxygen saturation during the sleep study	per 10-unit decrease	continuous standardized	incident atrial fibrillation	first AF diagnosis within 5 years identified from ICD-9/10-based electronic medical records	5	HR	1.09	1.03	1.15		Table 2 fully adjusted model	age, sex, race, BMI, smoking history, COPD, CAD, heart failure, myocardial infarction, CABG, hypertension, diabetes, hyperlipidemia, antiarrhythmic medications, and PAP therapy	no	clinical sleep study	continuous_standardized_main	Table 2; Figure 2C; Primary Analysis paragraph	In-scope nadir-SpO2 AF row from the same cohort.	round3	continuous_fixed_increment	yes	no	no		yes
40008168	Mazzotti_2025_SHHSfreeCVD_CVmort_HB_log_B3	SHHS_freeCVD_OSAframe	mixed	USA	prospective cohort secondary analysis	SHHS	community-based adults with symptom data and high-quality oxygen signals, free of baseline CVD	3714	223 cardiovascular deaths	63.0	44.2		OSA-framed SHHS cohort; no baseline CVD	HB	respiration-event-related hypoxic burden, natural log transformed as ln(HB+0.1)	per 1-unit increase in log-transformed HB	continuous log-scale	CVD mortality	cardiovascular death over follow-up	11.7 median	HR	1.22	0.95	1.56		Model B3	symptom subtypes plus age, sex, BMI, race, ethnicity, alcohol use, smoking status, COPD, type 2 diabetes, hypertension, HDL, total cholesterol, triglycerides, lipid-lowering medication, total sleep time, and baseline CVD indicator in model specification	no	home-based PSG	continuous_log_main	Table 1, Model B3, cardiovascular mortality	HB effect adjusted for symptom subtypes and clinical covariates, but not for AHI/T90/nadir.	round3	continuous_log	yes	no	yes	same_article_same_cohort_same_outcome_alt_model	yes
40008168	Mazzotti_2025_SHHSfreeCVD_MACE_HB_log_B3	SHHS_freeCVD_OSAframe	mixed	USA	prospective cohort secondary analysis	SHHS	community-based adults with symptom data and high-quality oxygen signals, free of baseline CVD	3714	947 MACE events	63.0	44.2		OSA-framed SHHS cohort; no baseline CVD	HB	respiration-event-related hypoxic burden, natural log transformed as ln(HB+0.1)	per 1-unit increase in log-transformed HB	continuous log-scale	MACE	first major adverse cardiovascular event including CHD, heart failure, stroke, or cardiovascular mortality	11.4 median	HR	0.98	0.87	1.11		Model B3	symptom subtypes plus age, sex, BMI, race, ethnicity, alcohol use, smoking status, COPD, type 2 diabetes, hypertension, HDL, total cholesterol, triglycerides, lipid-lowering medication, total sleep time, and baseline CVD indicator in model specification	no	home-based PSG	continuous_log_main	Table 1, Model B3, MACE	Null HB-MACE result in the free-of-baseline-CVD SHHS cohort.	round3	continuous_log	yes	no	yes	same_article_same_cohort_same_outcome_alt_model	yes
30376054	Azarbarzin_2019_MrOS_CVDmort_log10HB_M4	MrOS	men	USA	prospective cohort	MrOS Sleep Study	community-based older men; not restricted to OSA at entry	2743	440 CVD deaths	76.3	100		not restricted to OSA at cohort entry	HB	total area under respiratory event-related desaturation curve from pre-event baseline divided by sleep duration	per 1-unit increase in log10-transformed HB	continuous log-scale	CVD mortality	underlying cause of death adjudicated as cardiovascular disease	10.0	HR	2.03	1.37	3.00	<0.001	Model 4	age, BMI, race, sleep duration, smoking, alcohol, COPD, renal failure, AHI, MinSat, TST90, hypertension, diabetes, stroke, concurrent CVD, and lipid-lowering medication use	yes	unattended home PSG	continuous_log_main	Supplementary Table S3 Model 4; user-supplied supplement docx	Continuous CVD-mortality row resolves the prior supplement-access gap for MrOS and is directly AHI/MinSat/TST90 adjusted.	round4	continuous_log	yes	no	yes	same_article_same_cohort_same_outcome_alt_scale	yes
30376054	Azarbarzin_2019_SHHS_CVDmort_log10HB_M4	SHHS	mixed	USA	prospective cohort	SHHS	community-based middle-aged and older adults; not restricted to OSA at entry	4672	313 CVD deaths	63.7	47.2		not restricted to OSA at cohort entry	HB	total area under respiratory event-related desaturation curve from pre-event baseline divided by sleep duration	per 1-unit increase in log10-transformed HB	continuous log-scale	CVD mortality	underlying cause of death adjudicated as cardiovascular disease	10.9	HR	1.73	1.08	2.78	<0.05	Model 4	age, BMI, race, sex, sleep duration, study site, smoking, AHI, MinSat, TST90, hypertension, diabetes, stroke, prevalent angina/myocardial infarction/coronary revascularization, and lipid-lowering medication use	yes	unattended PSG	continuous_log_main	Supplementary Table S3 Model 4; user-supplied supplement docx	Continuous CVD-mortality row resolves the prior supplement-access gap for SHHS and is directly AHI/MinSat/TST90 adjusted.	round4	continuous_log	yes	no	yes	same_article_same_cohort_same_outcome_alt_scale	yes
34648724	Trzepizur_2022_PaysLoire_MACE_logHB_M2	PaysLoire_clinicalOSA	mixed	France	prospective clinical cohort	Pays de la Loire cohort	newly diagnosed clinical OSA without overt cardiovascular disease	5358	592 MACE events	60 median	63.7	30 median	clinical OSA cohort without overt baseline cardiovascular disease	HB	total area under respiratory event-related desaturation curve	per 1-unit increase in natural log-transformed HB	continuous log-scale	MACE	composite outcome including all-cause mortality, acute myocardial infarction, stroke, and unplanned coronary revascularization	6.5 median	HR	1.21	1.07	1.38	0.0024	Model 2	age, sex, BMI, smoking status, prevalent diabetes/COPD/hypertension, type of sleep study, study site, beta-blocker/calcium channel blocker use, plus CPAP treatment	no	mixed PSG or HSAT	continuous_log_main	Table 2 Model 2; user-supplied PDF	Primary clinical-cohort HB anchor with CPAP-adjusted MACE model; all-cause mortality was discussed separately in text but was not rowed because the extracted snippet did not restate the model label.	round4	continuous_log	yes	no	no		yes
34648724	Trzepizur_2022_PaysLoire_MACE_logT90_M2	PaysLoire_clinicalOSA	mixed	France	prospective clinical cohort	Pays de la Loire cohort	newly diagnosed clinical OSA without overt cardiovascular disease	5358	592 MACE events	60 median	63.7	30 median	clinical OSA cohort without overt baseline cardiovascular disease	T90	percentage of recording time with SaO2 <90%	per 1-unit increase in natural log-transformed T90	continuous log-scale	MACE	composite outcome including all-cause mortality, acute myocardial infarction, stroke, and unplanned coronary revascularization	6.5 median	HR	1.34	1.16	1.55	<0.0001	Model 2	age, sex, BMI, smoking status, prevalent diabetes/COPD/hypertension, type of sleep study, study site, beta-blocker/calcium channel blocker use, plus CPAP treatment	no	mixed PSG or HSAT	continuous_log_main	Table 2 Model 2; user-supplied PDF	T90 remained significant in the fully adjusted clinical-cohort model and can serve as a main T90 anchor alongside the HB row from the same cohort.	round4	continuous_log	yes	no	no		yes
30590586	Baumert_2020_MrOS_CVDmort_ODI_perSD	MrOS	men	USA	prospective cohort	MrOS Sleep Study	community-based older men; not restricted to OSA at entry	2840	185 CVD deaths		100		not restricted to OSA at cohort entry	ODI	number of acute episodic desaturations per hour	per 1 SD increase	continuous standardized	CVD mortality	cardiovascular mortality / cardiovascular death	8.8 mean	HR	1.16	0.97	1.38	0.097	Multivariable Cox model	race, age, weight status, PASE score, smoking, alcohol consumption, diabetes, hypertension, heart failure, COPD, and AHI	yes	overnight oximetry derived from polysomnography	continuous_standardized_main	Table 2 multivariable analysis; PMC full text	Adjusted ODI was not independently associated with CVD mortality in this MrOS analysis; retain as useful negative comparator evidence within the ODI family.	round5	continuous_standardized	yes	no	no		yes
30590586	Baumert_2020_MrOS_CVDmort_T90_perSD	MrOS	men	USA	prospective cohort	MrOS Sleep Study	community-based older men; not restricted to OSA at entry	2840	185 CVD deaths		100		not restricted to OSA at cohort entry	T90	time spent below 90% oxygen saturation	per 1 SD increase	continuous standardized	CVD mortality	cardiovascular mortality / cardiovascular death	8.8 mean	HR	1.16	1.05	1.28	0.004	Multivariable Cox model	race, age, weight status, PASE score, smoking, alcohol consumption, diabetes, hypertension, heart failure, COPD, and AHI	yes	overnight oximetry derived from polysomnography	continuous_standardized_main	Table 2 multivariable analysis; PMC full text	Directly fills the previously unextracted T90 and cardiovascular mortality gap with an AHI-adjusted MrOS row.	round5	continuous_standardized	yes	no	yes	same_article_same_cohort_same_outcome_alt_scale	yes
30590586	Baumert_2020_MrOS_CVDmort_T90_Q4gt12min	MrOS	men	USA	prospective cohort	MrOS Sleep Study	community-based older men; not restricted to OSA at entry	2840	185 CVD deaths		100		not restricted to OSA at cohort entry	T90	time spent below 90% oxygen saturation	highest quartile (>12 min) vs lower quartiles	categorical high vs low	CVD mortality	cardiovascular mortality / cardiovascular death	8.8 mean	HR	1.59	1.14	2.22	0.006	Multivariable Cox model	race, age, weight status, PASE score, smoking, alcohol consumption, diabetes, hypertension, heart failure, COPD, and AHI	yes	overnight oximetry derived from polysomnography	categorical_high_vs_low_main	Table 2 multivariable analysis; PMC full text	Categorical T90 row uses the paper's highest-quartile threshold rather than a universal clinical cutoff, so it should be pooled only with clearly comparable categorical T90 studies.	round5	categorical_high_vs_low	yes	no	yes	same_article_same_cohort_same_outcome_alt_scale	yes
39120771	Azakli_2024_clinicalOSA_allcause_ODI_per1unit	Azakli_clinicalOSA	mixed	Turkey	retrospective clinical cohort	single-centre referral sleep-clinic cohort	adults with OSA diagnosed in a referral sleep-disorders centre	3541	231 all-cause deaths	49.7	72		clinical OSA cohort	ODI	oxygen desaturation index (events per hour)	per 1-unit increase	continuous raw unit	all-cause mortality	death from any cause during long-term follow-up	5+	HR	1.007	1.001	1.013	0.01	Multivariate Cox model 2	OSA subtype, COPD, PLMS, age, sex, waist-to-hip ratio, Epworth Sleepiness Scale, CoSA score >=1, monocyte/HDL ratio, systemic immune-inflammation index; AHI omitted because of collinearity with ODI	no	polysomnography	continuous_raw_unit_main	Table 5 model 2, ODI row, external PDF copy	This is currently a single clinical-cohort ODI all-cause mortality row with exact multivariable effect size, but it does not include AHI in the same model because the authors separated AHI and ODI models.	round6	continuous_raw_unit	yes	no	no		yes
33433302	BrianconMarjollet_2021_multicenterOSA_incAF_T90_per1pct	Blanchard_multicenterOSA	mixed	France	retrospective multicenter clinical cohort	patients investigated for OSA in a multicenter referral network	AF-free patients investigated for clinical suspicion of OSA	7205	181 incident AF events	60 median	62.3	29 median	patients investigated for OSA	T90	percentage of recording time with oxygen saturation <90%	per 1% increase	continuous raw unit	incident atrial fibrillation	new-onset atrial fibrillation identified from linked administrative data	5.34 median	HR	1.01	1.00	1.02	0.0104	Adjusted Cox model	age, sex, body mass index, alcohol intake, diabetes, hypertension, history of cardiac disease, chronic obstructive pulmonary disease, beta blocker/calcium channel blocker medications, type of sleep study, study site, and positive airway pressure adherence	no	mixed PSG and other diagnostic sleep studies	continuous_raw_unit_main	Table 2 adjusted model, T90 continuous row, OUP web text	T90 was the only nocturnal hypoxemia index that remained independently associated with incident AF after multivariable adjustment.	round6	continuous_raw_unit	yes	no	yes	same_article_same_cohort_same_outcome_alt_scale	yes
33433302	BrianconMarjollet_2021_multicenterOSA_incAF_T90_q4	Blanchard_multicenterOSA	mixed	France	retrospective multicenter clinical cohort	patients investigated for OSA in a multicenter referral network	AF-free patients investigated for clinical suspicion of OSA	7205	181 incident AF events	60 median	62.3	29 median	patients investigated for OSA	T90	percentage of recording time with oxygen saturation <90%	highest quartile (>=6.8%) vs lowest quartile (<0.1%)	categorical high vs low	incident atrial fibrillation	new-onset atrial fibrillation identified from linked administrative data	5.34 median	HR	2.20	1.23	3.91	0.0075	Adjusted Cox model	age, sex, body mass index, alcohol intake, diabetes, hypertension, history of cardiac disease, chronic obstructive pulmonary disease, beta blocker/calcium channel blocker medications, type of sleep study, study site, and positive airway pressure adherence	no	mixed PSG and other diagnostic sleep studies	categorical_high_vs_low_main	Table 2 adjusted model, T90 category row, OUP web text	The highest T90 quartile was associated with incident AF, while ODI, nadir oxygen saturation, and hypoxic burden category analyses were not independently significant after adjustment.	round6	categorical_high_vs_low	yes	no	yes	same_article_same_cohort_same_outcome_alt_scale	yes
11734445	Mooe_2001_CAD_ODI5_Cerebrovascular	CADSweden2001	mixed	Sweden	prospective cohort	coronary angiography CAD cohort	adults aged 70 years or younger with verified coronary artery disease	408					AHI >=10 or ODI >=5 used to define sleep-disordered breathing	ODI	ODI >=5 events/hour defining nocturnal hypoxaemia-associated sleep-disordered breathing	ODI >=5 vs <5	categorical high vs low	cerebrovascular events	stroke or transient ischemic attack during follow-up	5.1 median	HR	2.62	1.26	5.46	0.01	multivariable Cox model	age, sex, body mass index, hypertension, diabetes, left ventricular dysfunction, and coronary intervention	no	hospital overnight sleep study with oximetry and airflow	sensitivity_specialized_cad	Table 3 / abstract in sleep-disordered-breathing-and-coronary-artery-disease.pdf	CAD cohort with hard cerebrovascular outcomes; the composite endpoint estimate was also reported but the adjusted cerebrovascular row is the clearest protocol-relevant estimate recoverable from the full text.	round12	categorical_high_vs_low	yes	no	no		yes
21724460	Johansson_2011_ElderlyCVD_ODI10_AllCause	CoroKindElderly2011	mixed	Sweden	prospective community cohort	CoroKind elderly community subgroup	community-dwelling elderly with cardiovascular disease and impaired systolic function by NT-proBNP			78			home unattended sleep study in an elderly community cohort	ODI	ODI >=10 events/hour in the subgroup with cardiovascular disease and impaired systolic function	ODI >=10 vs <10	categorical high vs low	all-cause mortality	death from any cause in the high-risk elderly subgroup	4.5 mean	HR	3.0	1.1	8.6	0.03	multivariable Cox model	age, gender, diabetes, and plasma NT-proBNP	no	unattended home portable sleep study	sensitivity_specialized_elderly_cvd	Abstract / Results in 1-s2.0-S1389945711001523-main.pdf	The overall elderly community cohort did not show a mortality association; the extracted effect is limited to the prespecified high-risk subgroup with cardiovascular disease and impaired systolic function.	round12	categorical_high_vs_low	yes	no	no		yes
24342759	Ohmura_2014_ADHF_ODI4_SDB_Composite	ADHF_LVSystolic2014	mixed	Japan	prospective hospital cohort	predischarge ADHF LV systolic dysfunction cohort	hospitalized adults with left ventricular systolic dysfunction after acute decompensated heart failure	100	33				sleep-disordered breathing defined by 4% ODI threshold on predischarge nocturnal pulse oximetry	ODI	4% oxygen desaturation index >=5 events/hour used to define SDB	SDB vs non-SDB	categorical high vs low	composite readmission or mortality	death or readmission for acute decompensated heart failure after discharge	1.2 mean	HR	2.93	1.36	6.31	0.006	final multivariable stepwise Cox model	women, systolic blood pressure per standard deviation, hemoglobin per standard deviation, B-type natriuretic peptide per standard deviation, and SDB	no	predischarge nocturnal pulse oximetry	sensitivity_specialized_adhf	Table 2 / abstract in PIIS0002914913022662.pdf	Specialized acute heart-failure cohort; useful for the ODI hard-outcome evidence map but not protocol-concordant for the default OSA-centered main pool.	round12	categorical_high_vs_low	yes	no	no		yes
26612581	Oldenburg_2016_HFREF_T90_h_AllCause	HFREF_Germany2016	mixed	Germany	prospective cohort	stable HF-REF cohort	chronic stable heart failure with reduced ejection fraction and mixed SDB phenotypes	963	480				unattended in-hospital polygraphy in heart failure with reduced ejection fraction	T90	time with oxygen saturation <90%, modeled per hour	per hour increase	continuous	all-cause mortality	death from any cause during follow-up	7.35 median	HR	1.161	1.086	1.242	<0.001	adjusted Cox model (Table 3)	age, sex, body mass index, NYHA class, left ventricular ejection fraction, cardiac resynchronization therapy, ischaemic cardiomyopathy, diabetes, beta-blocker use, and digitalis	no	in-hospital polygraphy	sensitivity_specialized_hfref_mixedsdb	Table 3 / abstract in ehv624.pdf	This is a robust T90 mortality estimate, but the cohort is a heart-failure population with mixed obstructive and central SDB rather than a clinical OSA cohort.	round12	continuous_fixed_increment_hour	yes	no	no		yes
35131555	Chung_2022_Surgery_ODI30_PostopCV	POSA2022	mixed	Multinational	post hoc prospective cohort	POSA surgical cohort	adults with cardiovascular risk factors undergoing major non-cardiac surgery and unrecognized OSA	1218		67.2		27.0	preoperative overnight oximetry-derived OSA severity by ODI categories	ODI	preoperative ODI >=30 events/hour	ODI >=30 vs <30	categorical high vs low	30-day postoperative cardiovascular events	composite of myocardial injury, cardiac death, congestive heart failure, thromboembolism, atrial fibrillation, and stroke within 30 days	0.08	HR	1.63	1.05	2.53		multivariable Cox model	post hoc POSA multivariable model; full retained covariate list was not recoverable from the PDF text layer	no	preoperative overnight pulse oximetry	sensitivity_specialized_perioperative	Abstract in 1-s2.0-S0952818022000095-main.pdf	Protocol-adjacent ODI signal in a perioperative unrecognized-OSA setting; keep as specialized sensitivity evidence rather than merge with chronic OSA prognostic cohorts.	round12	categorical_high_vs_low	yes	no	no		yes
34677657	Suzuki_2022_AFablation_T90gt20_Recurrence	AFCAJapan2022	mixed	Japan	retrospective cohort	AF catheter ablation cohort	atrial fibrillation patients undergoing ambulatory sleep study before catheter ablation	290	45				ambulatory sleep study among AF referrals undergoing catheter ablation	T90	T90 >20% severe nocturnal hypoxaemia among patients not receiving CPAP	>20% vs <=20%	categorical high vs low	atrial tachyarrhythmia recurrence	recurrence after final catheter ablation	1.31 median	HR	8.53	1.872	38.814	<0.01	multivariable Cox model in the non-CPAP subgroup	severe nocturnal hypoxaemia and left atrial volume index retained in the non-CPAP multivariable model	no	ambulatory WatchPAT study	sensitivity_specialized_postablation_af	Abstract / Results in s00380-021-01969-x.pdf	Important AF-recurrence signal but highly specialized to post-ablation patients and restricted to the non-CPAP subgroup.	round12	categorical_high_vs_low	yes	no	no		yes
40056262	Xu_2025_OSAACS_RCIR_LogODI_MACCE	OSAACS_RCIR2025	mixed	China	prospective cohort post hoc subgroup analysis	OSA-ACS RCIR subgroup	acute coronary syndrome patients with dual remnant-cholesterol and low-grade-inflammation risk						OSA-ACS cohort with sleep study and exclusion of central sleep apnea	ODI	log-transformed ODI in the RCIR subgroup	log-unit increase	continuous	MACCE	composite of cardiovascular death, myocardial infarction, stroke, unstable-angina or heart-failure hospitalization, and ischaemia-driven revascularization	2.9 median	HR	1.813	1.039	3.163	0.036	adjusted Cox model in RCIR subgroup	comprehensively adjusted subgroup model; exact retained covariates were not fully recoverable from the PDF text layer	no	sleep study in hospitalized ACS cohort	sensitivity_specialized_acs_subgroup	Abstract / Results in s11325-025-03281-8.pdf	Post hoc ACS subgroup analysis; relevant because ODI is explicitly modeled, but this is not a general OSA prognostic cohort.	round12	continuous_log	yes	no	no		yes
40056262	Xu_2025_OSAACS_RCIR_LogNadir_MACCE	OSAACS_RCIR2025	mixed	China	prospective cohort post hoc subgroup analysis	OSA-ACS RCIR subgroup	acute coronary syndrome patients with dual remnant-cholesterol and low-grade-inflammation risk						OSA-ACS cohort with sleep study and exclusion of central sleep apnea	nadir SpO2	log-transformed nadir SaO2 in the RCIR subgroup	log-unit increase	continuous	MACCE	composite of cardiovascular death, myocardial infarction, stroke, unstable-angina or heart-failure hospitalization, and ischaemia-driven revascularization	2.9 median	HR	0.033	0.001	0.769	0.034	adjusted Cox model in RCIR subgroup	comprehensively adjusted subgroup model; exact retained covariates were not fully recoverable from the PDF text layer	no	sleep study in hospitalized ACS cohort	sensitivity_specialized_acs_subgroup	Abstract / Results in s11325-025-03281-8.pdf	Inverse nadir-SaO2 association is directionally coherent with worse hypoxaemia burden conferring higher risk; keep as specialized subgroup sensitivity.	round12	continuous_log	yes	no	no		yes
30243978	Kendzerska_2018_SuspectedOSA_T90gt30pct_IncidentHospAF	Ontario_suspectedOSA_2018	mixed	Canada	historical clinical cohort	suspected OSA diagnostic-sleep-study cohort	adults referred to a large academic hospital with suspected OSA and no baseline arrhythmia	8256	173	47 median	62		first diagnostic sleep study for suspected OSA; OSA severity separately characterized by AHI	T90	more than 30% of sleep time with oxygen saturation <90%	>30% vs <=30%	categorical high vs low	incident hospitalized atrial fibrillation	new hospitalization with atrial fibrillation over follow-up, identified through linked provincial administrative data	10 median	HR	1.77	1.15	2.74		multivariable Cox model with BMI and hypertension added	age, sex, alcohol consumption, smoking status, previous heart failure, COPD, pulmonary embolism, body mass index, and hypertension	no	diagnostic sleep study	categorical_high_vs_low_main	Abstract / Results in j.chest.2018.08.1075.pdf	Clinical suspected-OSA cohort. Nocturnal hypoxemia remained significant after additional adjustment, whereas AHI did not. Keep distinct from existing AF cells because the endpoint is hospitalized AF and the threshold is >30% T90.	round13	categorical_high_vs_low	yes	no	no		yes
29277336	RiveraLopez_2018_HF_nocturnalHypoxemia_PositivePulseOx_Composite	Spain_ADHF_2018	mixed	Spain	prospective hospital cohort	decompensated heart failure pulse-oximetry cohort	consecutively hospitalized adults with decompensated heart failure	38	17	70.7	63.3		portable nocturnal pulse oximetry during hospitalization in a heart-failure cohort with sleep-disordered-breathing risk	nocturnal hypoxemia	positive pulse oximetry when more than 10 desaturations per hour were recorded during sleep	positive vs negative	categorical high vs low	composite mortality or HF readmission	combined endpoint of all-cause mortality and hospital readmission due to heart failure	2.5 mean	HR	8.37	1.19	68.4	0.03	multivariable Cox model	multivariable model reported in full text; exact retained covariates were not recoverable from the PDF text layer	no	portable nocturnal pulse oximetry	sensitivity_specialized_hf_nocthypox	Abstract / Results in j.medcli.2017.11.024.pdf	Very small specialized heart-failure cohort. Useful for the sensitivity evidence map of nocturnal hypoxemia, but not protocol-concordant for the default adult-OSA main pool.	round13	categorical_high_vs_low	yes	no	no		yes
