screen_id	pubmed_id	first_author	pub_year	journal	doi	pmcid	fulltext_status	fulltext_url	title_abstract_decision	provisional_fulltext_decision	provisional_role	design_prefill	cohort_name_prefill	population_scope_prefill	exposure_prefill	outcome_prefill	sample_size_prefill	follow_up_prefill	notes
PUBMED_MAIN_500	8889364	Mooe	1996	Coronary artery disease			pubmed_abstract_only	https://pubmed.ncbi.nlm.nih.gov/8889364/	include	include_sensitivity	specialized_postcabg_af_sensitivity	prospective surgical cohort	coronary artery bypass surgery cohort	consecutive CABG patients with preoperative sleep study	ODI-defined nocturnal hypoxaemia / sleep-disordered breathing	postoperative atrial fibrillation	121	in-hospital postoperative follow-up	PubMed abstract provided an extractable adjusted ODI-based effect size. Multiple logistic regression identified ODI-defined disordered breathing as an independent predictor of postoperative AF: `RR 2.8 (1.2-6.8)`.
PUBMED_MAIN_490	11734445	Mooe	2001	American journal of respiratory and critical care medicine	10.1164/rccm2101072		user_uploaded_pdf	/home/lzh_bio/gpt-research-system/workspaces/osa_meta_20260323/import/fulltexts/sleep-disordered-breathing-and-coronary-artery-disease.pdf	include	include_sensitivity	sensitivity_specialized_cad	prospective cohort	coronary angiography CAD cohort	coronary artery disease cohort	ODI / AHI	cerebrovascular events; composite cardiovascular outcome	408	5.1 median	User-uploaded PDF yielded a stable adjusted cerebrovascular-event row for ODI-defined disordered breathing; the composite endpoint estimate was not promoted because its adjustment status was less explicit than the cerebrovascular model.
PUBMED_MAIN_461	17633312	Pencić	2007	Srpski arhiv za celokupno lekarstvo	10.2298/SARH0706217P		search_only_ambiguous_record		uncertain	exclude_candidate	insufficient_data_ambiguous_nonenglish	unclear from accessible record	unclear	possible myocardial infarction cohort with nocturnal hypoxaemia	nocturnal hypoxaemia	unclear			Accessible metadata were insufficient to confirm an extractable adult OSA prognostic design or outcome model. The record was cleared as an ambiguous non-English item rather than left unresolved indefinitely.
PUBMED_MAIN_430	20507958	Jung	2010	Clinical journal of the American Society of Nephrology : CJASN	10.2215/CJN.08881209	PMC2974401	open_pmc	https://pmc.ncbi.nlm.nih.gov/articles/PMC2974401/	include	include_sensitivity	special_population_age_adjusted_only	prospective cohort	maintenance hemodialysis cohort	end-stage renal disease adults on maintenance hemodialysis	log-transformed T<90%; mean SaO2	all-cause mortality	30	4.0 median	PMC abstract text provides an age-adjusted HR for log-transformed T<90% and confirms null AHI/ODI findings; retained as age-adjusted special-population sensitivity evidence only.
PUBMED_MAIN_423	21220756	Masuda	2011	Nephrology, dialysis, transplantation : official publication of the European Dialysis and Transplant Association - European Renal Association	10.1093/ndt/gfq756		user_uploaded_pdf	/home/lzh_bio/gpt-research-system/workspaces/osa_meta_20260323/import/fulltexts/gfq756.pdf	include	include_sensitivity	special_population_sensitivity	prospective cohort	maintenance hemodialysis pulse-oximetry cohort	maintenance hemodialysis patients	3% ODI-defined SDB	cardiovascular events; all-cause mortality	94	4.6 median	User-uploaded PDF confirmed the paper identity and yielded extractable adjusted Cox estimates for both cardiovascular events and all-cause mortality. Retain as dialysis-specific sensitivity evidence.
PUBMED_MAIN_417	21724460	Johansson	2011	Sleep medicine	10.1016/j.sleep.2011.03.012		user_uploaded_pdf	/home/lzh_bio/gpt-research-system/workspaces/osa_meta_20260323/import/fulltexts/1-s2.0-S1389945711001523-main.pdf	include	include_sensitivity	sensitivity_specialized_elderly_cvd	prospective community cohort	CoroKind elderly community subgroup	elderly community subgroup with cardiovascular disease and impaired systolic function	ODI	all-cause mortality	331 overall	4.5 mean	User-uploaded PDF confirmed the subgroup-specific mortality HR for ODI >=10; the signal is limited to the high-risk subgroup defined by cardiovascular disease and impaired systolic function.
PUBMED_MAIN_409	22705247	Ensrud	2012	Sleep medicine	10.1016/j.sleep.2012.04.010	PMC3449012	open_pmc	https://pmc.ncbi.nlm.nih.gov/articles/PMC3449012/	include	include_narrative_only_nonextractable	narrative_only_nonextractable	prospective cohort	older community-dwelling men without frailty at baseline	MrOS-like older community cohort	nocturnal hypoxemia; AHI	mortality; frailty or death		3.4	The full text supports an independent association of greater nocturnal hypoxemia with mortality, but the current PMC text layer did not yield a stable adjusted HR with 95% CI for direct extraction.
PUBMED_MAIN_400	23770166	Gami	2013	Journal of the American College of Cardiology	10.1016/j.jacc.2013.04.080	PMC3851022	open_pmc	https://pmc.ncbi.nlm.nih.gov/articles/PMC3851022/	include	include_sensitivity	general_psg_population_sensitivity	retrospective longitudinal cohort	Minnesota PSG referral cohort	adults referred for diagnostic polysomnography	lowest nocturnal O2 saturation; mean nocturnal O2 saturation	sudden cardiac death	10701	5.3 mean	Full PMC article reviewed. Extractable multivariate threshold row available for `lowest O2 sat <78%` and incident sudden cardiac death; the cohort is not restricted to OSA and therefore remains sensitivity-only.
PUBMED_MAIN_395	24342759	Ohmura	2014	The American journal of cardiology	10.1016/j.amjcard.2013.10.048		user_uploaded_pdf	/home/lzh_bio/gpt-research-system/workspaces/osa_meta_20260323/import/fulltexts/PIIS0002914913022662.pdf	include	include_sensitivity	sensitivity_specialized_adhf	prospective hospital cohort	predischarge ADHF LV systolic dysfunction cohort	LV systolic dysfunction after acute decompensated heart failure	ODI / pulse oximetry-defined SDB	postdischarge readmission or mortality	100	1.2 mean	User-uploaded PDF confirmed the adjusted composite-outcome HR and the retained multivariable model terms.
PUBMED_MAIN_391	24523943	Aronson	2014	PloS one	10.1371/journal.pone.0088878	PMC3921254	open_pmc	https://pmc.ncbi.nlm.nih.gov/articles/PMC3921254/	uncertain	include_narrative_only_nonextractable	narrative_null_evidence	prospective cohort	acute myocardial infarction cohort	hospitalized adults with acute myocardial infarction	ODI-defined sleep-disordered breathing	death, heart failure, myocardial infarction, unstable angina	180	68 months median	PMC/PubMed abstract indicate that ODI-defined SDB was not associated with adverse clinical outcomes after AMI. No stable adjusted beyond-AHI hard-outcome estimate was recovered, so the study is retained as narrative-only null evidence.
PUBMED_MAIN_355	26612581	Oldenburg	2016	European heart journal	10.1093/eurheartj/ehv624		user_uploaded_pdf	/home/lzh_bio/gpt-research-system/workspaces/osa_meta_20260323/import/fulltexts/ehv624.pdf	include	include_sensitivity	sensitivity_specialized_hfref_mixedsdb	prospective heart-failure cohort	stable HF-REF cohort	chronic stable HF-REF with mixed obstructive and central SDB	T90	all-cause mortality	963	7.35 median	User-uploaded PDF yielded a strong adjusted T90 mortality row, but the heart-failure mixed-SDB design keeps it outside the default OSA pool.
PUBMED_MAIN_099	26943468	Stone KL	2016	Sleep	10.5665/sleep.5520	PMC4763364	open_pmc	https://pmc.ncbi.nlm.nih.gov/articles/PMC4763364/	uncertain	include_primary	primary_meta_candidate	prospective cohort	MrOS Sleep Study	older community-dwelling men	T90 / nocturnal hypoxemia	incident stroke	2872	7.3	Strong T90/nocturnal hypoxemia stroke paper; likely extractable.
PUBMED_MAIN_342	27464791	Xie	2016	Journal of the American Heart Association	10.1161/JAHA.115.003162	PMC5015271	open_pmc	https://pmc.ncbi.nlm.nih.gov/articles/PMC5015271/	include	include_sensitivity	specialized_cardiac_population	prospective cohort	recent myocardial infarction PSG cohort	post-MI adults without prior sleep-apnea diagnosis; central apnea and CPAP users excluded	minSaO2 <=85%; T90SaO2; OSA	MACE	98	4.0 total; >=1.25 landmark	Full PMC article reviewed. Extractable multivariate minSaO2 threshold row available from Table 3; keep as specialized cardiac-population sensitivity evidence.
PUBMED_MAIN_339	27690206	Kendzerska	2016	Annals of the American Thoracic Society	10.1513/AnnalsATS.201604-263OC		user_uploaded_pdf	/home/lzh_bio/gpt-research-system/workspaces/osa_meta_20260323/import/fulltexts/annalsats_13_12_2234.pdf	include	narrative_only	interaction_only_narrative	historical observational cohort	suspected OSA obesity-hypoxaemia interaction cohort	adults with suspected OSA and obesity-hypoxaemia interaction groups	time with SaO2 <90% combined with obesity	composite cardiovascular outcome	10149	7.8 median	Full text is relevant, but the estimable exposure is an obesity-plus-desaturation interaction contrast rather than a clean standalone beyond-AHI metric effect, so the study is retained for narrative discussion only.
PUBMED_MAIN_315	29277336	Rivera-López	2018	Medicina clinica	10.1016/j.medcli.2017.11.024		user_uploaded_pdf	/home/lzh_bio/gpt-research-system/workspaces/osa_meta_20260323/import/fulltexts/j.medcli.2017.11.024.pdf	include	include_sensitivity	specialized_hf_sensitivity	prospective hospital cohort	decompensated heart failure pulse-oximetry cohort	hospitalized adults with decompensated heart failure	positive nocturnal pulse oximetry / nocturnal hypoxemia	combined mortality or heart-failure readmission	38	30.3 months mean	User-uploaded PDF resolved the prior access gap. Round13 extracted the multivariable positive-pulse-oximetry row: `HR 8.37 (1.19-68.4)` for mortality or HF readmission; retain as specialized sensitivity evidence.
PUBMED_MAIN_311	29605831	Yatsu	2018	Clinical research in cardiology : official journal of the German Cardiac Society	10.1007/s00392-018-1238-y		user_uploaded_pdf	/home/lzh_bio/gpt-research-system/workspaces/osa_meta_20260323/import/fulltexts/s00392-018-1238-y.pdf	include	include_sensitivity	specialized_postpci_sensitivity	retrospective cohort	post-PCI pulse-oximetry cohort	adults after percutaneous coronary intervention	4% ODI-defined SDB	MACCE	539	1.9 median	User-uploaded PDF yielded an adjusted MACCE row with `HR 2.26 (1.05-5.40)` for SDB defined by `4% ODI >=5/h`; retain as specialized post-PCI sensitivity evidence.
PUBMED_MAIN_300	30243978	Kendzerska	2018	Chest	10.1016/j.chest.2018.08.1075		user_uploaded_pdf	/home/lzh_bio/gpt-research-system/workspaces/osa_meta_20260323/import/fulltexts/j.chest.2018.08.1075.pdf	include	include_primary	primary_gap_fill_extracted	historical clinical cohort	suspected OSA diagnostic-sleep-study cohort	adults referred for diagnostic sleep testing with suspected OSA and no baseline arrhythmia	T90 / nocturnal hypoxemia	incident hospitalized atrial fibrillation	8256	10 median	User-uploaded PDF resolved the prior access gap. Round13 extracted the fully adjusted `>30% sleep time with SaO2 <90%` row: `HR 1.77 (1.15-2.74)` for incident hospitalized AF; AHI was not the significant predictor.
PUBMED_MAIN_297	30372124	Kendzerska	2019	Annals of the American Thoracic Society	10.1513/AnnalsATS.201802-136OC		user_uploaded_pdf	/home/lzh_bio/gpt-research-system/workspaces/osa_meta_20260323/import/fulltexts/annalsats_16_1_71.pdf	include	exclude_candidate	population_scope_overlap_syndrome	prospective cohort	overlap syndrome cohort	adults with suspected OSA linked to COPD status	time with SaO2 <90% and COPD interaction	composite cardiovascular events and all-cause mortality	10149	9.4 median	Full text focuses on COPD-OSA overlap interactions and untreated-subgroup contrasts; this falls outside the current OSA-centered prognostic protocol.
PUBMED_MAIN_004	30376054	Azarbarzin A	2019	European heart journal	10.1093/eurheartj/ehy624	PMC6451769	open_pmc	https://pmc.ncbi.nlm.nih.gov/articles/PMC6451769/	include	include_primary	primary_meta_anchor	prospective cohort (two cohorts)	MrOS; SHHS	community-based older adults	HB	CVD mortality; all-cause mortality	2743; 5111		Two cohorts were already split into cohort-specific rows, and user-supplied supplementary Table S3 resolved the continuous log10-HB CVD-mortality rows extracted in round4.
PUBMED_MAIN_288	30590586	Baumert	2020	European heart journal	10.1093/eurheartj/ehy838	PMC7850139	open_pmc	https://pmc.ncbi.nlm.nih.gov/articles/PMC7850139/	include	include_primary	primary_gap_fill_extracted	prospective cohort	MrOS Sleep Study	community-based older men	T90; ODI-derived nocturnal hypoxaemic burden	cardiovascular mortality	2840	8.8	Full PMC article reviewed. Round5 extracted adjusted `ODI per SD`, `T90 per SD`, and `T90 >12 min` rows; this paper now directly fills the previously unextracted T90-cardiovascular-mortality gap.
PUBMED_MAIN_036	31081538	Labarca G	2019	Sleep & breathing = Schlaf & Atmung	10.1007/s11325-019-01860-0		doi_only	https://doi.org/10.1007/s11325-019-01860-0	include	include_sensitivity	threshold_unadjusted_sensitivity	retrospective cohort	single-centre moderate-to-severe OSA cohort	new OSA diagnosis without respiratory disease	T90; SaO2 nadir	5-year mortality	365	5	User-supplied PDF confirms an OR-based unadjusted threshold analysis for `T90 >20%` and 5-year all-cause mortality; keep only as unadjusted threshold sensitivity. No separate extractable nadir-SaO2 mortality estimate was reported.
PUBMED_MAIN_258	31967668	Huang	2020	Clinical cardiology	10.1002/clc.23319	PMC7144483	open_pmc	https://pmc.ncbi.nlm.nih.gov/articles/PMC7144483/	include	include_sensitivity	specialized_hf_population	prospective cohort	Fuwai ADHF cohort	hospitalized adults with acute decompensated heart failure	T90%; minSO2; meanSO2	composite adverse cardiovascular outcome	382		Full PMC article reviewed. Table 2 provides extractable continuous and thresholded T90 rows; keep as heart-failure-specific sensitivity evidence because the cohort is not OSA-restricted and the endpoint is a broad composite.
PUBMED_MAIN_105	31969341	Jhamb M	2020	Clinical journal of the American Society of Nephrology : CJASN	10.2215/CJN.07880719	PMC7015094	open_pmc	https://pmc.ncbi.nlm.nih.gov/articles/PMC7015094/	uncertain	include_sensitivity	special_population_sensitivity	prospective cohort	CKD/ESKD cohort	advanced CKD and ESKD patients	T90; mean oxygen saturation	all-cause mortality	180	9	Relevant hypoxemia mortality paper but outside core OSA clinical population.
PUBMED_MAIN_059	32298733	Azarbarzin A	2020	Chest	10.1016/j.chest.2020.03.053	PMC7417383	open_pmc	https://pmc.ncbi.nlm.nih.gov/articles/PMC7417383/	include	include_primary	primary_meta_anchor	prospective cohort (two cohorts)	SHHS; MrOS	community-based older adults	HB	incident heart failure	4881; 2653		Likely needs sex-stratified extraction because associations were significant in men only.
PUBMED_MAIN_240	32679239	Linz	2020	Chest	10.1016/j.chest.2020.06.072	PMC8173772	open_pmc	https://pmc.ncbi.nlm.nih.gov/articles/PMC8173772/	uncertain	include_narrative_only_nonextractable	narrative_null_or_noncore_trial_evidence	post hoc trial cohort analysis	SAVE trial cohort	OSA patients with high cardiovascular event risk in a randomized trial context	ODI and novel nocturnal SpO2 metrics	primary composite cardiovascular outcome; secondary HF/MI outcomes	2687	trial follow-up	PubMed/PMC abstract indicates that neither ODI nor the novel nocturnal metrics predicted the primary SAVE composite cardiovascular outcome. Secondary associations involved non-core oxygen-pattern metrics, so the study is kept as narrative-only comparator evidence.
PUBMED_MAIN_230	33214210	Blanchard	2021	The European respiratory journal	10.1183/13993003.04022-2020		pubmed_letter_no_abstract	https://pubmed.ncbi.nlm.nih.gov/33214210/	uncertain	include_narrative_only_nonextractable	letter_signal_nonextractable	research letter	ERMES study group letter	sleep apnoea cohort with stroke-incidence signal	hypoxic burden and heart rate variability	incident stroke			Highly relevant ERJ letter title, but no abstract and no accessible extractable effect estimate. Retained as narrative-only signal for the stroke-oriented evidence gap.
PUBMED_MAIN_226	33394326	Labarca	2021	Sleep & breathing = Schlaf & Atmung	10.1007/s11325-020-02283-y		pubmed_abstract_only	https://pubmed.ncbi.nlm.nih.gov/33394326/	uncertain	include_narrative_only_nonextractable	special_population_gap_candidate	prospective cohort	SantOSA cohort	moderate-to-severe OSA with diabetes subgroup framing	T90%; OSA + DM grouping	cardiovascular mortality	1447	5 mean	PubMed abstract confirms that T90% was associated with cardiovascular mortality, but the numeric T90-specific effect estimate is not provided. Retain as narrative-only pending any future full-text recovery.
PUBMED_MAIN_223	33433302	Blanchard	2021	Annals of the American Thoracic Society	10.1513/AnnalsATS.202009-1202OC		open_web_fulltext	https://academic.oup.com/annalsats/article/18/6/1043/8419480	include	include_primary	primary_gap_fill_extracted	retrospective multicenter clinical cohort	patients investigated for OSA	OSA-referred clinical cohort	T90 / oximetry-derived nocturnal hypoxemia	incident atrial fibrillation	7205	5.34	Web full text resolved the prior OUP/Cloudflare blocker. Round6 extracted adjusted Table 2 rows for `T90 per 1%` (`HR 1.01 [1.00-1.02]`) and `highest T90 quartile vs lowest` (`HR 2.20 [1.23-3.91]`); ODI, nadir oxygen saturation, and hypoxic burden categories were not independently significant after adjustment.
PUBMED_MAIN_102	34226030	Cui H	2021	Mayo Clinic proceedings	10.1016/j.mayocp.2021.03.036		doi_only	https://doi.org/10.1016/j.mayocp.2021.03.036	include	include_sensitivity	specialized_cardiac_population	retrospective clinical cohort	obstructive HCM septal myectomy cohort	surgical HCM cohort with overnight oximetry	ODI	mortality	619		Relevant ODI mortality study, but specialized population and null effect.
PUBMED_MAIN_010	34648724	Trzepizur W	2022	American journal of respiratory and critical care medicine	10.1164/rccm.202105-1274OC		doi_only	https://doi.org/10.1164/rccm.202105-1274OC	include	include_primary	primary_meta_anchor	prospective clinical cohort	Pays de la Loire cohort	newly diagnosed clinical OSA without overt CVD	HB; T90	MACE composite including all-cause mortality	5358	6.5	User-supplied PDF resolved the scale and model specification. Round4 extracted `Model 2` log-HB and log-T90 MACE rows; these are primary anchor rows and are not AHI-adjusted.
PUBMED_MAIN_186	34677657	Suzuki	2022	Heart and vessels	10.1007/s00380-021-01969-x		user_uploaded_pdf	/home/lzh_bio/gpt-research-system/workspaces/osa_meta_20260323/import/fulltexts/s00380-021-01969-x.pdf	include	include_sensitivity	sensitivity_specialized_postablation_af	retrospective AF ablation cohort	AF catheter ablation cohort	atrial fibrillation patients undergoing ambulatory sleep study	T90	atrial tachyarrhythmia recurrence after catheter ablation	290	1.31 median	User-uploaded PDF confirmed a strong non-CPAP severe-hypoxaemia recurrence signal after AF ablation; keep as highly specialized AF-procedure sensitivity evidence.
PUBMED_MAIN_086	34797743	Mehra R	2022	American journal of respiratory and critical care medicine	10.1164/rccm.202110-2371ED	PMC8865582	open_pmc	https://pmc.ncbi.nlm.nih.gov/articles/PMC8865582/	include	exclude_candidate	non_original_editorial	editorial/commentary			HB				PubMed publication type is Editorial/Comment; remove from extraction set.
PUBMED_MAIN_173	35131555	Chung	2022	Journal of clinical anesthesia	10.1016/j.jclinane.2022.110653		user_uploaded_pdf	/home/lzh_bio/gpt-research-system/workspaces/osa_meta_20260323/import/fulltexts/1-s2.0-S0952818022000095-main.pdf	include	include_sensitivity	sensitivity_specialized_perioperative	post hoc prospective cohort	POSA surgical cohort	major non-cardiac surgery patients with unrecognized OSA	ODI; CT80	30-day postoperative cardiovascular events	1218	0.08	User-uploaded PDF confirmed an ODI-based perioperative hard-outcome row; retain as specialized perioperative sensitivity evidence.
PUBMED_MAIN_089	35679775	Huhtakangas JK	2022	Sleep medicine	10.1016/j.sleep.2022.05.014		doi_only	https://doi.org/10.1016/j.sleep.2022.05.014	uncertain	exclude_candidate	mixed_csa_poststroke	prospective stroke cohort	acute ischemic stroke cohort	post-stroke patients	T90; minimum SaO2; CAI	mortality after ischemic stroke	204	6.2	Likely fails protocol because central apnoea signal is co-primary and population is acute stroke, not adult OSA.
PUBMED_MAIN_155	35833104	Zapater	2022	Frontiers in medicine	10.3389/fmed.2022.870906	PMC9271863	open_pmc	https://pmc.ncbi.nlm.nih.gov/articles/PMC9271863/	uncertain	exclude_candidate	wrong_exposure_family	post hoc cohort analysis	ISAACC study	acute coronary syndrome cohort with OSA	principal-component respiratory polygraphy patterns	recurrent cardiovascular events	723		The prognostic exposure is a latent respiratory-pattern component derived from PCA rather than a prespecified metric family such as HB, T90, ODI, or nadir oxygen saturation.
PUBMED_MAIN_134	36642535	Onuki	2023	Journal of atherosclerosis and thrombosis	10.5551/jat.63754	PMC10499452	pubmed_abstract_only	https://pubmed.ncbi.nlm.nih.gov/36642535/	uncertain	include_sensitivity	general_population_osa_surrogate_sensitivity	prospective community cohort	CIRCS cohort	community-dwelling Japanese adults	3% ODI / nocturnal intermittent hypoxia	incident cardiovascular disease	5313	12.8 median	PubMed abstract provided an extractable multivariable CVD-composite HR for 3% ODI >=5 vs <5. Retain as general-population OSA-surrogate sensitivity evidence.
PUBMED_MAIN_133	36690808	Cardoso	2023	Hypertens Res	10.1038/s41440-023-01193-2		pubmed_abstract_only	https://pubmed.ncbi.nlm.nih.gov/36690808/	include	include_narrative_only_nonextractable	narrative_null_evidence	prospective cohort study	resistant hypertension cohort	adults with resistant hypertension and baseline polysomnography	OSA severity and nocturnal hypoxemia / other PSG-derived parameters	cardiovascular events and all-cause mortality	422	5 mean	PubMed abstract reported that neither OSA severity nor other PSG-derived parameters predicted adverse outcomes, and no metric-specific adjusted effect estimates were given. Resolved as narrative-only null evidence.
PUBMED_MAIN_132	36769506	Mochida	2023	Journal of clinical medicine	10.3390/jcm12030858	PMC9917943	open_pmc	https://pmc.ncbi.nlm.nih.gov/articles/PMC9917943/	include	include_sensitivity	special_population_sensitivity	retrospective cohort	maintenance hemodialysis single-center cohort	maintenance hemodialysis patients	3% ODI severity category	MACE; all-cause mortality	134		Full PMC article reviewed. Severe SDB defined by 3% ODI independently predicted both MACEs and all-cause mortality; retain as dialysis-specific sensitivity evidence.
PUBMED_MAIN_006	37418748	Labarca G	2023	American journal of respiratory and critical care medicine	10.1164/rccm.202209-1808OC	PMC10563185	open_pmc	https://pmc.ncbi.nlm.nih.gov/articles/PMC10563185/	include	include_primary	primary_meta_anchor	prospective cohort (two cohorts)	MESA; MrOS	community-based cohorts	HB	incident CVD; mortality			Need extraction of HB-specific estimates separately from ventilatory burden comparator.
PUBMED_MAIN_114	37422579	Varol	2024	Sleep & breathing = Schlaf & Atmung	10.1007/s11325-023-02868-3		user_uploaded_pdf	/home/lzh_bio/gpt-research-system/workspaces/osa_meta_20260323/import/fulltexts/s11325-023-02868-3.pdf	include	include_sensitivity	threshold_t90_mortality_sensitivity	retrospective cohort	diagnosed OSA PSG cohort	adults diagnosed with OSA after overnight PSG	T90; minimum oxygen saturation	all-cause mortality	762	9.7 mean	User-uploaded PDF yielded extractable threshold-based T90 rows for 5-year and overall mortality. AHI was not associated with mortality and was not retained in the final multivariable models.
PUBMED_MAIN_062	37531573	Esmaeili N	2023	Annals of the American Thoracic Society	10.1513/AnnalsATS.202303-248OC	PMC10632930	open_pmc	https://pmc.ncbi.nlm.nih.gov/articles/PMC10632930/	include	include_sensitivity	method_variant_sensitivity	prospective cohort secondary analysis	SHHS	community-based adults	HBOxi	CVD mortality	5655		Include as sensitivity because exposure is HB variant rather than canonical manually scored HB.
PUBMED_MAIN_108	37656346	Henríquez-Beltrán	2024	Sleep & breathing = Schlaf & Atmung	10.1007/s11325-023-02909-x		user_uploaded_pdf	/home/lzh_bio/gpt-research-system/workspaces/osa_meta_20260323/import/fulltexts/s11325-023-02909-x.pdf	include	include_sensitivity	t90_gap_fill_mixed_scope	prospective cohort secondary analysis	SHHS and SantOSA	community-based SHHS plus clinical SantOSA cohort	T90%; ODI-3%	all-cause mortality; cardiovascular mortality	4323; 1345	11.7 median SHHS; 5.0 median SantOSA	User-uploaded PDF yielded extractable adjusted T90 all-cause mortality rows for both SHHS and SantOSA. The SHHS row remains scope-sensitive, while the SantOSA row is the more protocol-concordant clinical OSA contribution.
PUBMED_MAIN_107	37724626	Huang B	2023	ESC heart failure	10.1002/ehf2.14526	PMC10682880	open_pmc	https://pmc.ncbi.nlm.nih.gov/articles/PMC10682880/	uncertain	include_sensitivity	mixed_sdb_sensitivity	prospective cohort	hospitalized HF cohort	heart failure with mixed SDB phenotypes	T90; TRT90; ODI; meanSO2	CV death or admission for worsening HF	764	2.2	Metrics are highly relevant, but cohort includes substantial CSA and is not OSA-specific.
PUBMED_MAIN_011	37734857	Pinilla L	2023	The European respiratory journal	10.1183/13993003.00828-2023	PMC10701092	open_pmc	https://pmc.ncbi.nlm.nih.gov/articles/PMC10701092/	uncertain	separate_intervention	effect_modifier_only	post hoc randomized trial analysis	ISAACC trial	non-sleepy ACS with OSA	HB	cardiovascular events under CPAP vs usual care	727	1+	Not part of primary prognostic meta unless a distinct intervention-effect-modifier appendix is created.
PUBMED_MAIN_071	37772691	Yan B	2024	Journal of clinical sleep medicine : JCSM : official publication of the American Academy of Sleep Medicine	10.5664/jcsm.10838	PMC10835782	open_pmc	https://pmc.ncbi.nlm.nih.gov/articles/PMC10835782/	uncertain	exclude_candidate	wrong_population_frame	prospective cohort secondary analysis	SHHS	community-based general population	mean/max/min nocturnal SpO2; nocturnal hypoxemia	all-cause mortality	4886	10.7	Hard outcome is relevant, but cohort is not framed as adult OSA population and exposure is not event-specific hypoxic metric.
PUBMED_MAIN_033	37947123	Heinzinger CM	2023	Journal of the American Heart Association	10.1161/JAHA.123.031462	PMC10727289	open_pmc	https://pmc.ncbi.nlm.nih.gov/articles/PMC10727289/	include	include_primary	primary_meta_anchor	retrospective clinical cohort	Cleveland Clinic sleep-study cohort	clinical sleep-study patients	T90; minimum oxygen saturation; mean oxygen saturation	incident atrial fibrillation	42057	5	Round3 extraction captured direct T90 and nadir-SpO2 rows for incident AF; mean SpO2 remains available as a protocol-adjacent sensitivity metric.
PUBMED_MAIN_092	38097477	Azakli	2024	Sleep medicine	10.1016/j.sleep.2023.11.1135		pubmed_letter_no_abstract	https://pubmed.ncbi.nlm.nih.gov/38097477/	uncertain	include_narrative_only_nonextractable	short_letter_nonextractable	letter	OSAS/overlap mortality note	OSAS and overlap syndrome	nocturnal hypoxemia and CPAP compliance	mortality			Publication type is Letter and no abstract is available. Without extractable quantitative content, the item is retained only as brief narrative context.
PUBMED_MAIN_094	38749745	Nyuta E	2024	International heart journal	10.1536/ihj.23-653		doi_only	https://doi.org/10.1536/ihj.23-653	uncertain	exclude_candidate	wrong_exposure_family	retrospective AF ablation cohort	single-centre AF ablation cohort	non-valvular AF undergoing ablation	ODI pre-screening only; final models use AHI	AF recurrence after ablation	400 total; 235 PSG subset	1	Does not appear to provide an extractable beyond-AHI effect estimate for the endpoint of interest.
PUBMED_MAIN_025	38773880	Hui X	2024	Respirology (Carlton, Vic.)	10.1111/resp.14754	PMC11329350	open_pmc	https://pmc.ncbi.nlm.nih.gov/articles/PMC11329350/	include	include_sensitivity	metric_comparison_sensitivity	prospective cohort secondary analysis	SHHS	community-based adults	ODI; rHB; other hypoxic indices	CVD mortality; CVD morbidity	4485		Protocol-scope rows for ODI and rHB were extracted in round2; keep as same-cohort SHHS metric-comparison sensitivity rather than main pooled evidence.
PUBMED_MAIN_073	38978551	Briancon-Marjollet	2024	ERJ open research	10.1183/23120541.00930-2023	PMC11228602	open_pmc	https://pmc.ncbi.nlm.nih.gov/articles/PMC11228602/	include	include_narrative_only_nonextractable	narrative_only_nonextractable	prospective cohort	non-obese OSA cohort	free-of-comorbidity non-obese adults with OSA	mean SaO2; minimum SaO2	long-term incident severe outcomes			Full text confirms independent multivariable associations for mean and minimum oxygen saturation, but exact effect sizes were figure-only and not recoverable from the available text layer.
PUBMED_MAIN_071	39120771	Azakli	2024	Sleep & breathing = Schlaf & Atmung	10.1007/s11325-024-03137-7		external_pdf_copy	https://doi.org/10.1007/s11325-024-03137-7	include	include_primary	primary_gap_fill_extracted	retrospective clinical cohort	large clinical OSA cohort	adult clinical OSA population	ODI	all-cause mortality	3541	5+	External PDF copy resolved the full-text blocker. Round6 extracted the adjusted `ODI per 1-unit` all-cause mortality row from Table 5 model 2: `HR 1.007 (1.001-1.013)`, with AHI omitted because of collinearity.
PUBMED_MAIN_085	39206667	Vichova T	2025	Journal of clinical sleep medicine : JCSM : official publication of the American Academy of Sleep Medicine	10.5664/jcsm.11320	PMC11701274	open_pmc	https://pmc.ncbi.nlm.nih.gov/articles/PMC11701274/	uncertain	include_sensitivity	special_population_sensitivity	prospective subgroup cohort analysis	SHHS diabetes subgroup	community-based adults with diabetes	mean oxygen saturation; ODI; T90	all-cause mortality; CVD mortality	453 with DM		DM-subgroup T90 and treated-DM ODI rows were extracted in round2; keep for subgroup/sensitivity tables rather than the primary pooled estimate.
PUBMED_MAIN_019	40008168	Mazzotti DR	2025	ERJ open research	10.1183/23120541.00511-2024	PMC11849095	open_pmc	https://pmc.ncbi.nlm.nih.gov/articles/PMC11849095/	include	include_primary	primary_meta_anchor	prospective cohort secondary analysis	SHHS	community-based adults with OSA free of baseline CVD	HB	cardiovascular mortality; MACE	4396	11+	Round3 extraction captured Model B3 and Model C3 HB rows for cardiovascular mortality and MACE; use Model B3 as default main estimate and Model C3 as AHI/T90/nadir-adjusted sensitivity.
PUBMED_MAIN_042	40056262	Xu	2025	Sleep & breathing = Schlaf & Atmung	10.1007/s11325-025-03281-8		user_uploaded_pdf	/home/lzh_bio/gpt-research-system/workspaces/osa_meta_20260323/import/fulltexts/s11325-025-03281-8.pdf	include	include_sensitivity	sensitivity_specialized_acs_subgroup	prospective post hoc subgroup analysis	OSA-ACS RCIR subgroup	acute coronary syndrome patients with dual remnant-cholesterol and low-grade-inflammation risk	ODI; nadir SaO2	MACCE; stroke in RCIR subgroup	1833 overall	2.9 median	User-uploaded PDF confirmed explicit log-ODI and log-nadir-SaO2 subgroup associations with MACCE; retain as specialized ACS sensitivity evidence rather than default pooled OSA evidence.
PUBMED_MAIN_013	40794640	Azarbarzin A	2025	European heart journal	10.1093/eurheartj/ehaf447	PMC12874658	open_pmc	https://pmc.ncbi.nlm.nih.gov/articles/PMC12874658/	uncertain	separate_intervention	effect_modifier_only	pooled post hoc randomized trial analysis	RICCADSA; ISAACC; SAVE pooled trials	OSA with established cardiovascular disease	HB-defined high-risk OSA phenotype	MACCE under CPAP vs usual care	3549		Useful companion study but outside primary prognostic question.
PUBMED_MAIN_020	40818776	Peker	2025	Chest	10.1016/j.chest.2025.07.4081	PMC12833478	pubmed_abstract_only	https://pubmed.ncbi.nlm.nih.gov/40818776/	uncertain	include_sensitivity	specialized_secondary_prevention	secondary analysis of observational cohort	RICCADSA observational cohort	coronary artery disease with moderate-to-severe OSA	high vs low hypoxic burden	MACCE	368	4.7 median	PubMed abstract provided an extractable adjusted high-HB vs low-HB MACCE estimate. Retain as specialized secondary-prevention HB-MACCE sensitivity evidence.
PUBMED_MAIN_104	41306066	Potratz M	2025	Journal of sleep research	10.1111/jsr.70256		doi_only	https://doi.org/10.1111/jsr.70256	uncertain	exclude_candidate	mixed_sdb_nonprotocol_composite	prospective cohort	heart transplant waitlist cohort	end-stage HF awaiting transplantation	T90	all-cause mortality or LVAD implantation	101	5	Composite endpoint includes LVAD and population is mixed SDB/HF; keep only for background unless protocol is broadened.
PUBMED_MAIN_072	41478496	Zheng W	2025	Chest	10.1016/j.chest.2025.11.052		doi_only	https://doi.org/10.1016/j.chest.2025.11.052	include	include_sensitivity	specialized_secondary_prevention	retrospective pooled cohort analysis	two ACS prospective cohorts	acute coronary syndrome with and without OSA	TSA90	1-year MACCE	2810 total; 1408 with OSA	1	Direction is inverse/U-shaped; keep as sensitivity, not as anchor for pooled main estimate.
PUBMED_MAIN_003	41794120	Xu	2026	Chest	10.1016/j.chest.2026.01.027		pubmed_abstract_only	https://pubmed.ncbi.nlm.nih.gov/41794120/	uncertain	include_narrative_only_nonextractable	composite_highrisk_phenotype_comparator	prospective cohort analysis	MESA	multi-ethnic community cohort with OSA classification	high-CVD-risk OSA phenotype defined by high HB or high ΔHR	incident atrial fibrillation	1679	6.7 median	The abstract reports a significant incident-AF association for a composite high-risk OSA phenotype, but the exposure is not a separable prespecified metric-family result. Retain as narrative comparator evidence only.
EMBASE_262	32232718	Labarca	2021	Sleep and breathing = Schlaf & Atmung	10.1007/s11325-020-02064-7		pubmed_abstract_only	https://pubmed.ncbi.nlm.nih.gov/32232718/	include	include_narrative_only_nonextractable	noncanonical_cluster_narrative_comparator	clinical cohort secondary clustering analysis	SantOSA study	moderate-to-severe adult clinical OSA cohort in Chile	latent-class oximetry hypoxemic cluster phenotype from HSAT	all-cause mortality; cardiovascular mortality; cancer mortality	889	4.7 mean years	PubMed abstract was sufficient to resolve this Embase-only candidate. The paper reports adjusted mortality HRs for hypoxemic clusters, but the exposure is a noncanonical latent-cluster phenotype rather than a prespecified HB/T90/ODI/nadir metric family, so it is retained as narrative/comparator evidence rather than as a quantitative row.
EMBASE_180	35896039	Sutherland	2022	Sleep	10.1093/sleep/zsac179		pubmed_abstract_only	https://pubmed.ncbi.nlm.nih.gov/35896039/	uncertain	include_narrative_only_nonextractable	noncanonical_pattern_null_comparator	prospective cohort secondary analysis	Sleep Heart Health Study	adults with OSA and no baseline cardiovascular disease	noncanonical oximetry-pattern families (desaturation, time-series, spectral, nonlinear)	incident cardiovascular disease	2878		Accessible PubMed abstract resolved the study as narrative-only comparator evidence. The study compares broad oximetry-pattern families rather than canonical metric rows and reports largely null overall findings, with only marginal female-specific signals for selected pattern features.
EMBASE_134	37968017	Lowery	2023	Journal of the American College of Cardiology	10.1016/j.jacc.2023.09.806		pubmed_abstract_only	https://pubmed.ncbi.nlm.nih.gov/37968017/	uncertain	exclude_candidate	population_scope_non_osa_pah	prospective cohort	PVDOMICS group 1 PAH cohort	group 1 pulmonary arterial hypertension participants with sleep studies	T90 per 10-unit increment; sleep-related hypoxia	transplantation-free survival / death	186	5-year risk horizon	The abstract provides a direct T90-to-survival association, but the population is pulmonary arterial hypertension rather than an adult OSA prognostic cohort. It is therefore cleared as an exclusion candidate on population-scope grounds rather than retained in the OSA evidence map.
