screen_id	source_database	query_family	pubmed_id	title	first_author	pub_year	journal	title_abstract_decision	exclusion_code	metric_signal	outcome_signal	population_signal	notes
PUBMED_MAIN_001	PubMed	main_tiab_beyond_ahi_hard_outcomes	36899115	Obstructive sleep apnoea heterogeneity and cardiovascular disease.	Redline S	2023	Nature reviews. Cardiology	exclude	E7	none	general CVD review	adult OSA	Narrative review, not original prognostic study.
PUBMED_MAIN_002	PubMed	main_tiab_beyond_ahi_hard_outcomes	32747397	Sleep-related breathing disorders and pulmonary hypertension.	Adir Y	2021	The European respiratory journal	exclude	E7	none	pulmonary hypertension	mixed SDB	Review and mixed sleep-breathing-disorder scope, not target prognostic exposure study.
PUBMED_MAIN_003	PubMed	main_tiab_beyond_ahi_hard_outcomes	34353537	Sleep Disordered Breathing and Cardiovascular Disease: JACC State-of-the-Art Review.	Cowie MR	2021	Journal of the American College of Cardiology	exclude	E7	none	general CVD review	mixed SDB	State-of-the-art review, not original study.
PUBMED_MAIN_003	PubMed	main_tiab_beyond_ahi_hard_outcomes	41794120	Association of High Cardiovascular Disease Risk Obstructive Sleep Apnea with Incident Atrial Fibrillation: the Multi-Ethnic Study of Atherosclerosis.	Xu	2026	Chest	uncertain		HB plus delta-HR high-risk phenotype	incident atrial fibrillation	MESA OSA subgroup	HB is embedded in a composite high-risk phenotype with delta-HR; full text needed to determine whether separable HB results are available.
PUBMED_MAIN_004	PubMed	main_tiab_beyond_ahi_hard_outcomes	30376054	The hypoxic burden of sleep apnoea predicts cardiovascular disease-related mortality: the Osteoporotic Fractures in Men Study and the Sleep Heart Health Study.	Azarbarzin A	2019	European heart journal	include		HB	CV mortality	community / older-adult OSA cohorts	Landmark original prognostic cohort; core anchor study.
PUBMED_MAIN_005	PubMed	main_tiab_beyond_ahi_hard_outcomes	36115739	Hypoxic Burden in Obstructive Sleep Apnea: Present and Future.	Martinez-Garcia MA	2023	Archivos de bronconeumologia	exclude	E7	HB	none	adult OSA	Review on HB, useful for citation chasing but not for meta extraction.
PUBMED_MAIN_006	PubMed	main_tiab_beyond_ahi_hard_outcomes	37418748	Sleep Apnea Physiological Burdens and Cardiovascular Morbidity and Mortality.	Labarca G	2023	American journal of respiratory and critical care medicine	include		HB plus other physiological burdens	incident CVD / mortality	community cohorts	Original prognostic study with HB-relevant data and hard outcomes.
PUBMED_MAIN_006	PubMed	main_tiab_beyond_ahi_hard_outcomes	41733912	Sleep Apnea-Specific Hypoxic Burden and Postoperative Outcomes of Major Noncardiothoracic Surgery.	Bailly	2026	JAMA network open	exclude	E3	SASHB	30-day postoperative composite	diagnosed OSA undergoing surgery	Primary outcome is a short-term postoperative complication composite outside the prespecified longitudinal cardiovascular/mortality frame.
PUBMED_MAIN_007	PubMed	main_tiab_beyond_ahi_hard_outcomes	39229876	Hypoxic burden - definitions, pathophysiological concepts, methods of evaluation, and clinical relevance.	Parekh A	2024	Current opinion in pulmonary medicine	exclude	E7	HB	none	adult OSA	Review article.
PUBMED_MAIN_008	PubMed	main_tiab_beyond_ahi_hard_outcomes	34940026	Association and Risk Factors for Obstructive Sleep Apnea and Cardiovascular Diseases: A Systematic Review.	Mitra AK	2021	Diseases (Basel, Switzerland)	exclude	E7	none	general CVD review	adult OSA	Systematic review, not original study.
PUBMED_MAIN_009	PubMed	main_tiab_beyond_ahi_hard_outcomes	39378016	Estimating Cardiovascular Benefits of Tirzepatide in Sleep Apnea and Obesity: Insight from the SURMOUNT-OSA Trials.	Beccuti G	2024	Current obesity reports	exclude	E7	HB	cardiovascular benefit commentary	obesity plus OSA	Commentary, not original prognostic study.
PUBMED_MAIN_010	PubMed	main_tiab_beyond_ahi_hard_outcomes	34648724	Sleep Apnea-Specific Hypoxic Burden, Symptom Subtypes, and Risk of Cardiovascular Events and All-Cause Mortality.	Trzepizur W	2022	American journal of respiratory and critical care medicine	include		HB plus symptom subtype	MACE / all-cause mortality	clinical OSA cohort	Original hard-outcome study in newly diagnosed OSA.
PUBMED_MAIN_011	PubMed	main_tiab_beyond_ahi_hard_outcomes	37734857	Hypoxic burden to guide CPAP treatment allocation in patients with obstructive sleep apnoea: a post hoc study of the ISAACC trial.	Pinilla L	2023	The European respiratory journal	uncertain		HB	CPAP cardiovascular benefit / MACE	ACS plus OSA trial population	Post hoc CPAP allocation paper; may be relevant to sensitivity or separate intervention-effect-modifier table.
PUBMED_MAIN_012	PubMed	main_tiab_beyond_ahi_hard_outcomes	34672945	Opioids and obstructive sleep apnea.	Freire C	2022	Journal of clinical sleep medicine : JCSM : official publication of the American Academy of Sleep Medicine	exclude	E7	none	none	mixed opioid / OSA	Review on opioids and OSA, not target prognostic paper.
PUBMED_MAIN_013	PubMed	main_tiab_beyond_ahi_hard_outcomes	40794640	Cardiovascular benefit of continuous positive airway pressure according to high-risk obstructive sleep apnoea: a multi-trial analysis.	Azarbarzin A	2025	European heart journal	uncertain		high-risk OSA hypoxaemia phenotype	MACCE under CPAP	multi-trial OSA with CVD	Intervention-effect-modifier analysis; keep for now pending full-text rule on post hoc trial analyses.
PUBMED_MAIN_014	PubMed	main_tiab_beyond_ahi_hard_outcomes	39786443	Central sleep apnea and cardiovascular disease state-of-the-art.	Javaheri S	2025	Sleep	exclude	E1	none	general CVD review	central sleep apnea	Wrong population focus: central sleep apnea.
PUBMED_MAIN_015	PubMed	main_tiab_beyond_ahi_hard_outcomes	26101650	Epidemiological aspects of obstructive sleep apnea.	Garvey JF	2015	Journal of thoracic disease	exclude	E7	none	general epidemiology	adult OSA	Review article.
PUBMED_MAIN_016	PubMed	main_tiab_beyond_ahi_hard_outcomes	37698405	Ventilatory Burden as a Measure of Obstructive Sleep Apnea Severity Is Predictive of Cardiovascular and All-Cause Mortality.	Parekh A	2023	American journal of respiratory and critical care medicine	exclude	E2	ventilatory burden	CV / all-cause mortality	mixed cohorts	Wrong exposure family for the current protocol.
PUBMED_MAIN_017	PubMed	main_tiab_beyond_ahi_hard_outcomes	38792502	Obstructive Sleep Apnea and Pulmonary Hypertension: A Chicken-and-Egg Relationship.	Balcan B	2024	Journal of clinical medicine	exclude	E7	none	pulmonary hypertension	adult OSA	Review article.
PUBMED_MAIN_018	PubMed	main_tiab_beyond_ahi_hard_outcomes	25511335	Obstructive sleep apnea: awakening the hidden truth.	Viswanath A	2015	Nigerian journal of clinical practice	exclude	E7	none	general morbidity / mortality	adult OSA	Review article.
PUBMED_MAIN_019	PubMed	main_tiab_beyond_ahi_hard_outcomes	40008168	OSA symptom subtypes and hypoxic burden independently predict distinct cardiovascular outcomes.	Mazzotti DR	2025	ERJ open research	include		HB plus symptom subtype	distinct CV outcomes	community OSA cohort	Original prognostic study with hard cardiovascular outcomes.
PUBMED_MAIN_020	PubMed	main_tiab_beyond_ahi_hard_outcomes	30687538	Cardiac rhythm disorders in obstructive sleep apnea.	Geovanini GR	2018	Journal of thoracic disease	exclude	E7	none	arrhythmia review	adult OSA	Review article, though useful for citation chasing.
PUBMED_MAIN_020	PubMed	main_tiab_beyond_ahi_hard_outcomes	40818776	Association of Hypoxic Burden With Cardiovascular Events: A Risk Stratification Analysis of the Randomized Intervention With CPAP in Coronary Artery Disease and Sleep Apnea Cohort.	Peker	2025	Chest	uncertain		HB	MACCE	CAD plus OSA observational/trial-linked cohort	Likely useful sensitivity or intervention-stratified companion paper; retain for full-text rule check.
PUBMED_MAIN_021	PubMed	main_tiab_beyond_ahi_hard_outcomes	40208311	Sleep-disordered Breathing in Patients with Chronic Obstructive Pulmonary Disease: Prevalence and Outcomes.	Marin JM	2025	Annals of the American Thoracic Society	exclude	E1	none	prevalence and outcomes	COPD-SDB overlap	Wrong population focus; overlap/COPD paper rather than adult OSA cohort.
PUBMED_MAIN_022	PubMed	main_tiab_beyond_ahi_hard_outcomes	26037823	Epidemiology of Sleep Disturbances and Cardiovascular Consequences.	Badran M	2015	The Canadian journal of cardiology	exclude	E7	none	general cardiovascular consequences	mixed sleep disturbance scope	Review article.
PUBMED_MAIN_023	PubMed	main_tiab_beyond_ahi_hard_outcomes	40404132	Nocturnal Hypoxemia in Respiratory Medicine: Pathophysiology, Measurement, and Association with Outcomes.	Hajipour M	2025	Seminars in respiratory and critical care medicine	exclude	E1	sleep hypoxemia general	general outcomes	general respiratory medicine	General respiratory hypoxemia review, not adult OSA prognostic cohort.
PUBMED_MAIN_024	PubMed	main_tiab_beyond_ahi_hard_outcomes	32108601	The uses of overnight pulse oximetry.	Singh S	2020	Lung India : official organ of Indian Chest Society	exclude	E7	ODI / oximetry general	diagnostic use	general sleep medicine	Diagnostic/review-style paper, not hard-outcome prognostic study.
PUBMED_MAIN_025	PubMed	main_tiab_beyond_ahi_hard_outcomes	38773880	Hypoxic indices for obstructive sleep apnoea severity and cardiovascular disease risk prediction: A comparison and application in a community population.	Hui X	2024	Respirology (Carlton, Vic.)	include		ODI plus rHB and related hypoxic indices	CVD risk prediction	community OSA cohort	Original comparison study of hypoxic indices with cardiovascular-risk relevance in SHHS.
PUBMED_MAIN_026	PubMed	main_tiab_beyond_ahi_hard_outcomes	29564601	Wake-up stroke and sleep-disordered breathing: a meta-analysis of current studies.	Xiao Z	2018	Journal of neurology	exclude	E7	none	wake-up stroke meta	stroke population	Meta-analysis, not original study.
PUBMED_MAIN_027	PubMed	main_tiab_beyond_ahi_hard_outcomes	39471830	Assessing the Pathophysiology, Morbidity, and Mortality of Obstructive Sleep Apnea.	Richie RC	2024	Journal of insurance medicine (New York, N.Y.)	exclude	E7	none	general morbidity and mortality	adult OSA	Review-style article, not original study.
PUBMED_MAIN_028	PubMed	main_tiab_beyond_ahi_hard_outcomes	31503213	Sleep and interstitial lung disease.	Myall KJ	2019	Current opinion in pulmonary medicine	exclude	E7	none	ILD outcomes review	ILD with sleep disorders	Review article.
PUBMED_MAIN_029	PubMed	main_tiab_beyond_ahi_hard_outcomes	17147000	Sleep in COPD patients.	Bhullar S	2005	COPD	exclude	E7	none	COPD/overlap review	COPD overlap	Review article.
PUBMED_MAIN_030	PubMed	main_tiab_beyond_ahi_hard_outcomes	41751879	Sleep-Disordered Breathing in Chung-Jansen Syndrome.	Vlami K	2026	International journal of molecular sciences	exclude	E1	lowest oxygen saturation only	case description	rare genetic syndrome	Case report / syndromic single patient, not target adult OSA prognostic study.
PUBMED_MAIN_031	PubMed	main_tiab_beyond_ahi_hard_outcomes	36521320	Duration of respiratory events in obstructive sleep apnea: In search of paradoxical results.	Oksenberg A	2023	Sleep medicine reviews	exclude	E7	none	event duration review	adult OSA	Review article.
PUBMED_MAIN_032	PubMed	main_tiab_beyond_ahi_hard_outcomes	39868516	Association of Obstructive Sleep Apnea and Nocturnal Hypoxemia With the Circadian Rhythm of Myocardial Infarction.	Liu X	2025	Journal of the American Heart Association	exclude	E3	nocturnal hypoxemia	timing of MI onset	MI patients with OSA study	Hard cardiovascular disease context but not a prognostic hard-outcome association of the target type.
PUBMED_MAIN_033	PubMed	main_tiab_beyond_ahi_hard_outcomes	37947123	Sleep-Disordered Breathing, Hypoxia, and Pulmonary Physiologic Influences in Atrial Fibrillation.	Heinzinger CM	2023	Journal of the American Heart Association	include		T90 / minimum and mean oxygen saturation	incident atrial fibrillation	clinical sleep-study cohort	Original retrospective cohort with incident AF and explicit sleep-related hypoxia metrics.
PUBMED_MAIN_034	PubMed	main_tiab_beyond_ahi_hard_outcomes	34184854	Cardiovascular manifestations in obstructive sleep apnea: current evidence and potential mechanisms.	O'Donnell C	2021	Polish archives of internal medicine	exclude	E7	none	cardiovascular manifestations review	adult OSA	Review article.
PUBMED_MAIN_034	PubMed	main_tiab_beyond_ahi_hard_outcomes	40294210	Nocturnal hypoxaemic burden is associated with incident major adverse cardiovascular events in patients with type 2 diabetes.	Driendl	2025	European journal of preventive cardiology	exclude	E1	T90 / nocturnal hypoxaemic burden	incident MACE	type 2 diabetes cohort	Hard outcomes and metric are relevant, but the analytic population is a diabetes cohort rather than an adult OSA/SDB sleep-study cohort.
PUBMED_MAIN_035	PubMed	main_tiab_beyond_ahi_hard_outcomes	37794711	Hypoxaemic burden in heart failure patients receiving adaptive servo-ventilation.	Baumert M	2023	ESC heart failure	exclude	E3	hypoxaemic burden / T90 components	short-term physiologic response	heart failure ASV trial	Interventional physiologic endpoint study, not hard clinical-outcome prognostic paper.
PUBMED_MAIN_036	PubMed	main_tiab_beyond_ahi_hard_outcomes	31081538	Do T90 and SaO2 nadir identify a different phenotype in obstructive sleep apnea?	Labarca G	2019	Sleep & breathing = Schlaf & Atmung	include		T90 and SaO2 nadir	comorbidities and mortality	moderate-to-severe OSA cohort	Original oxygenation-phenotype study with mortality signal; needs full-text confirmation for extractable effect estimates.
PUBMED_MAIN_037	PubMed	main_tiab_beyond_ahi_hard_outcomes	26362450	Screening for Sleep-Disordered Breathing in Patients Hospitalized for Heart Failure.	Oldenburg O	2015	JACC. Heart failure	exclude	E2	none	screening	heart failure inpatients	Screening paper, not target prognostic exposure-outcome study.
PUBMED_MAIN_038	PubMed	main_tiab_beyond_ahi_hard_outcomes	40887593	Nocturnal hypoxemic burden is associated with worsening prognosis of chronic kidney disease in patients with type 2 diabetes.	Driendl S	2025	Cardiovascular diabetology	exclude	E1	T90 / nocturnal hypoxemic burden	CKD prognosis	type 2 diabetes CKD cohort	Not an adult OSA cohort; nocturnal hypoxemia present but target population is wrong.
PUBMED_MAIN_039	PubMed	main_tiab_beyond_ahi_hard_outcomes	40132385	Sleep breathing impairment index predicts incident atrial fibrillation in obstructive sleep apnea: A prospective cohort study.	Wang L	2025	Sleep medicine	exclude	E2	SBII	incident atrial fibrillation	OSA cohort	Novel composite metric outside current prespecified exposure family.
PUBMED_MAIN_040	PubMed	main_tiab_beyond_ahi_hard_outcomes	20875160	Sleep-disordered breathing and COPD: the overlap syndrome.	Owens RL	2010	Respiratory care	exclude	E7	none	overlap review	COPD-OSA overlap	Review article on overlap syndrome.
PUBMED_MAIN_041	PubMed	main_tiab_beyond_ahi_hard_outcomes	28439921	Impact of obstructive sleep apnoea and intermittent hypoxia on cardiovascular and cerebrovascular regulation.	Beaudin AE	2017	Experimental physiology	exclude	E7	none	vascular regulation review	adult OSA	Review article.
PUBMED_MAIN_042	PubMed	main_tiab_beyond_ahi_hard_outcomes	40498397	Sex Differences in Atherosclerotic Cardiovascular Disease Risk in Obstructive Sleep Apnea.	Bock JM	2025	Current atherosclerosis reports	exclude	E7	none	ASCVD sex-difference review	adult OSA	Review article.
PUBMED_MAIN_043	PubMed	main_tiab_beyond_ahi_hard_outcomes	40281320	Clinical characteristics and outcomes of positional obstructive sleep apnea: the sleep heart health study.	Chen LD	2025	European archives of oto-rhino-laryngology : official journal of the European Federation of Oto-Rhino-Laryngological Societies (EUFOS) : affiliated with the German Society for Oto-Rhino-Laryngology - Head and Neck Surgery	exclude	E2	none	POSA outcomes	OSA cohort	Original outcomes paper but wrong exposure family.
PUBMED_MAIN_044	PubMed	main_tiab_beyond_ahi_hard_outcomes	2184999	Cardiovascular effects of sleep disorders.	Parish JM	1990	Chest	exclude	E7	none	cardiovascular effects review	sleep disorders general	Review article.
PUBMED_MAIN_045	PubMed	main_tiab_beyond_ahi_hard_outcomes	40081280	A high arousal threshold is associated with nocturnal gastroesophageal reflux in obstructive sleep apnea.	Feng Z	2025	Sleep medicine	exclude	E3	arousal threshold	nocturnal GERD	OSA cohort	Wrong outcome; not a hard cardiovascular or mortality endpoint.
PUBMED_MAIN_046	PubMed	main_tiab_beyond_ahi_hard_outcomes	25700872	Sleep disorders in chronic obstructive pulmonary disease: etiology, impact, and management.	Budhiraja R	2015	Journal of clinical sleep medicine : JCSM : official publication of the American Academy of Sleep Medicine	exclude	E7	none	COPD sleep-disorders review	COPD	Review article.
PUBMED_MAIN_047	PubMed	main_tiab_beyond_ahi_hard_outcomes	38947016	Prevalence and Detection of Obstructive Sleep Apnea Early after Stroke.	Klingman KJ	2024	medRxiv : the preprint server for health sciences	exclude	E3	none	post-stroke OSA prevalence/detection	stroke cohort	Cross-sectional screening/prevalence study, not target prognostic paper.
PUBMED_MAIN_048	PubMed	main_tiab_beyond_ahi_hard_outcomes	35144521	Sleep-disordered Breathing in Pregnancy and after Delivery: Associations with Cardiometabolic Health.	Facco FL	2022	American journal of respiratory and critical care medicine	exclude	E2	none	HTN / metabolic syndrome	pregnancy SDB cohort	Wrong exposure family for the current review.
PUBMED_MAIN_049	PubMed	main_tiab_beyond_ahi_hard_outcomes	34518455	Investigating the Association between Wake-Up Stroke and Obstructive Sleep Apnea: A Meta-Analysis.	Lu X	2022	European neurology	exclude	E7	none	wake-up stroke meta	stroke population	Meta-analysis, not original study.
PUBMED_MAIN_050	PubMed	main_tiab_beyond_ahi_hard_outcomes	25398715	Chemoreflex physiology and implications for sleep apnoea: insights from studies in humans.	Mansukhani MP	2015	Experimental physiology	exclude	E7	none	chemoreflex review	sleep apnoea general	Review article.
PUBMED_MAIN_051	PubMed	main_tiab_beyond_ahi_hard_outcomes	34347565	Association of Sleep-disordered Breathing and Blood Pressure with Albuminuria: The Nagahama Study.	Murase K	2022	Annals of the American Thoracic Society	exclude	E3	none	albuminuria	general population SDB	Surrogate renal outcome, not a hard target outcome.
PUBMED_MAIN_052	PubMed	main_tiab_beyond_ahi_hard_outcomes	40921000	Comorbid Insomnia and Sleep Apnea Is Associated with Uncontrolled Hypertension in a Middle-aged Population.	Kobayashi Frisk M	2026	Annals of the American Thoracic Society	exclude	E3	none	uncontrolled hypertension	COMISA middle-aged population	Cross-sectional/surrogate cardiometabolic outcome.
PUBMED_MAIN_053	PubMed	main_tiab_beyond_ahi_hard_outcomes	38386021	DAHOS Study: Efficacy of dapagliflozin in treating heart failure with reduced ejection fraction and obstructive sleep apnea syndrome - A 3-month, multicenter, randomized controlled clinical trial.	Xie L	2024	European journal of clinical pharmacology	exclude	E3	none	HFrEF treatment efficacy	HFrEF plus OSA	Interventional trial, not prognostic metric paper.
PUBMED_MAIN_054	PubMed	main_tiab_beyond_ahi_hard_outcomes	39688783	Screening moderate to severe obstructive sleep apnea with wearable device.	Tisyakorn J	2024	Sleep & breathing = Schlaf & Atmung	exclude	E3	ODI / wearable oximetry	screening moderate-severe OSA	suspected OSA adults	Diagnostic screening study, not target prognostic paper.
PUBMED_MAIN_055	PubMed	main_tiab_beyond_ahi_hard_outcomes	36849673	Contribution of central sleep apnea to severe sleep apnea hypopnea syndrome.	Zhang G	2023	Sleep & breathing = Schlaf & Atmung	exclude	E1	none	CSA contribution	severe SAHS mixed OSA/CSA	Wrong population focus because CSA component is central to the question.
PUBMED_MAIN_056	PubMed	main_tiab_beyond_ahi_hard_outcomes	36400540	The Cardiopulmonary Complications of Sickle Cell Disease.	Desai AA	2022	Hematology/oncology clinics of North America	exclude	E7	none	sickle cell review	sickle cell disease	Review article outside target population.
PUBMED_MAIN_057	PubMed	main_tiab_beyond_ahi_hard_outcomes	40332117	Increased Myocardial MARK4 Expression in Patients with Heart Failure and Sleep-Disordered Breathing.	Seydel B	2025	International journal of molecular sciences	exclude	E3	none	MARK4 expression in HF and SDB	heart failure with SDB	Mechanistic biomarker paper, not hard-outcome prognostic analysis.
PUBMED_MAIN_058	PubMed	main_tiab_beyond_ahi_hard_outcomes	38589224	Machine learning-based detection of sleep-disordered breathing in hypertrophic cardiomyopathy.	Akita K	2024	Heart (British Cardiac Society)	exclude	E3	ODI/ML detection	SDB detection in HCM	HCM cohort	Diagnostic detection paper.
PUBMED_MAIN_059	PubMed	main_tiab_beyond_ahi_hard_outcomes	32298733	The Sleep Apnea-Specific Hypoxic Burden Predicts Incident Heart Failure.	Azarbarzin A	2020	Chest	include		HB	incident heart failure	community / older-adult cohorts	Core original prognostic HB study with hard outcome.
PUBMED_MAIN_060	PubMed	main_tiab_beyond_ahi_hard_outcomes	24158564	Diagnosis of obstructive sleep apnea by peripheral arterial tonometry: meta-analysis.	Yalamanchali S	2013	JAMA otolaryngology-- head & neck surgery	exclude	E7	none	diagnosis meta-analysis	adult OSA diagnosis	Meta-analysis of diagnostic device, not original prognostic study.
PUBMED_MAIN_061	PubMed	main_tiab_beyond_ahi_hard_outcomes	29222290	Chronic organ failure in adult sickle cell disease.	Vichinsky E	2017	Hematology. American Society of Hematology. Education Program	exclude	E7	none	chronic organ failure review	sickle cell disease	Review article outside target population.
PUBMED_MAIN_062	PubMed	main_tiab_beyond_ahi_hard_outcomes	37531573	Hypoxic Burden Based on Automatically Identified Desaturations Is Associated with Adverse Health Outcomes.	Esmaeili N	2023	Annals of the American Thoracic Society	include		HB based on auto-desaturations	adverse health outcomes / CVD mortality context	older-adult and community cohorts	Original HB method-validation paper tied to adverse health outcomes; retain for full-text confirmation.
PUBMED_MAIN_063	PubMed	main_tiab_beyond_ahi_hard_outcomes	25376169	Sleep-disordered breathing and functional decline in older women.	Spira AP	2014	Journal of the American Geriatrics Society	exclude	E3	none	functional decline	older women with SDB	Functional decline is outside primary hard-outcome scope.
PUBMED_MAIN_064	PubMed	main_tiab_beyond_ahi_hard_outcomes	36939400	Homocysteine Levels in Severe OSA Patients Before and After TORS-OSA Surgery.	Chiu LW	2023	Otolaryngology--head and neck surgery : official journal of American Academy of Otolaryngology-Head and Neck Surgery	exclude	E3	none	homocysteine before/after surgery	severe OSA surgical cohort	Biomarker surrogate outcome.
PUBMED_MAIN_065	PubMed	main_tiab_beyond_ahi_hard_outcomes	32645005	Clinical presentation and comorbidities of obstructive sleep apnea-COPD overlap syndrome.	Adler D	2020	PloS one	exclude	E1	none	overlap comorbidities	OSA-COPD overlap registry	Wrong population focus; overlap syndrome.
PUBMED_MAIN_066	PubMed	main_tiab_beyond_ahi_hard_outcomes	36042066	Independent association between hypoxemia and night sweats in obstructive sleep apnea.	Nigro CA	2023	Sleep & breathing = Schlaf & Atmung	exclude	E3	hypoxemia	night sweats	adult PSG cohort	Symptom outcome, not hard cardiovascular or mortality endpoint.
PUBMED_MAIN_067	PubMed	main_tiab_beyond_ahi_hard_outcomes	29769049	Sleep-disordered breathing in patients with newly diagnosed lung cancer.	Dreher M	2018	BMC pulmonary medicine	exclude	E1	none	lung cancer prevalence	newly diagnosed lung cancer	Wrong population focus.
PUBMED_MAIN_068	PubMed	main_tiab_beyond_ahi_hard_outcomes	16855960	Continuous positive airways pressure for obstructive sleep apnoea in adults.	Giles TL	2006	The Cochrane database of systematic reviews	exclude	E7	none	CPAP review	adult OSA	Systematic review.
PUBMED_MAIN_069	PubMed	main_tiab_beyond_ahi_hard_outcomes	16437429	Continuous positive airways pressure for obstructive sleep apnoea in adults.	Giles TL	2006	The Cochrane database of systematic reviews	exclude	E7	none	CPAP review	adult OSA	Cochrane review duplicate article type, not original study.
PUBMED_MAIN_070	PubMed	main_tiab_beyond_ahi_hard_outcomes	35617717	Impact of moderate-to-severe obstructive sleep apnea on aggressive clinicopathological features of papillary thyroid carcinoma.	Chen R	2022	Sleep medicine	exclude	E3	ODI and desaturation	aggressive PTC features	PTC cohort with OSA	Cancer pathological features, not target hard outcome.
PUBMED_MAIN_071	PubMed	main_tiab_beyond_ahi_hard_outcomes	37772691	Nocturnal oxygen saturation is associated with all-cause mortality: a community-based study.	Yan B	2024	Journal of clinical sleep medicine : JCSM : official publication of the American Academy of Sleep Medicine	uncertain		nocturnal oxygen saturation	all-cause mortality	community SHHS-like population	Mortality is relevant, but full text needed to confirm whether the analytic population fits the OSA-focused eligibility frame.
PUBMED_MAIN_071	PubMed	main_tiab_beyond_ahi_hard_outcomes	39120771	Long-term mortality risk in obstructive sleep apnea: the critical role of oxygen desaturation index.	Azakli	2024	Sleep & breathing = Schlaf & Atmung	include		ODI	all-cause mortality	clinical OSA cohort	Large retrospective OSA cohort with multivariable ODI mortality signal and likely extractable adjusted HR.
PUBMED_MAIN_072	PubMed	main_tiab_beyond_ahi_hard_outcomes	41478496	Nocturnal Hypoxemia Is Associated With Lower Cardiovascular Events in Patients With Acute Coronary Syndrome and OSA.	Zheng W	2025	Chest	include		nocturnal hypoxemia / TST90-like exposure	cardiovascular events	ACS with and without OSA	Original hard-outcome paper; retain despite inverse direction of association.
PUBMED_MAIN_073	PubMed	main_tiab_beyond_ahi_hard_outcomes	33406013	The Sleep Apnea-Specific Pulse-Rate Response Predicts Cardiovascular Morbidity and Mortality.	Azarbarzin A	2021	American journal of respiratory and critical care medicine	exclude	E2	pulse-rate response	CVD morbidity and mortality	community cohorts	Wrong exposure family for the current review.
PUBMED_MAIN_074	PubMed	main_tiab_beyond_ahi_hard_outcomes	40217656	The Link Between Sleep-Related Breathing Disorders and Idiopathic Pulmonary Fibrosis: Pathophysiological Mechanisms and Treatment Options-A Review.	Patsoura A	2025	Journal of clinical medicine	exclude	E7	none	IPF review	IPF with SBD	Review article outside target population.
PUBMED_MAIN_075	PubMed	main_tiab_beyond_ahi_hard_outcomes	38370439	Obstructive sleep apnea, nocturnal hypoxemia, and retinal microvasculature: The Atherosclerosis Risk in Communities Study.	Hoeft N	2024	Sleep advances : a journal of the Sleep Research Society	exclude	E3	nocturnal hypoxemia	retinal microvasculature	ARIC / SHHS participants	Microvascular surrogate outcome, not hard clinical event.
PUBMED_MAIN_076	PubMed	main_tiab_beyond_ahi_hard_outcomes	24549987	Tracheostomy as treatment for adult obstructive sleep apnea: a systematic review and meta-analysis.	Camacho M	2014	The Laryngoscope	exclude	E7	none	tracheostomy meta-analysis	adult OSA treatment	Systematic review/meta-analysis, not original prognostic study.
PUBMED_MAIN_077	PubMed	main_tiab_beyond_ahi_hard_outcomes	33927018	Nocturnal hypoxaemia in interstitial lung disease: a systematic review.	Khor YH	2021	Thorax	exclude	E7	none	ILD nocturnal hypoxaemia review	ILD	Systematic review outside target population.
PUBMED_MAIN_078	PubMed	main_tiab_beyond_ahi_hard_outcomes	30505488	Obstructive sleep apnea in patients with chronic thromboembolic pulmonary hypertension.	Yu X	2018	Journal of thoracic disease	exclude	E1	none	OSA in CTEPH	CTEPH population	Wrong population focus.
PUBMED_MAIN_079	PubMed	main_tiab_beyond_ahi_hard_outcomes	34794048	The association of obstructive sleep apnea with melanoma incidence and mortality: a meta-analysis of 5,276,451 patients.	Tan NKW	2021	Sleep medicine	exclude	E7	none	melanoma meta-analysis	OSA and melanoma	Meta-analysis, not original study.
PUBMED_MAIN_080	PubMed	main_tiab_beyond_ahi_hard_outcomes	35733034	Predictive tools for nocturnal respiratory failure in patients with moderate and severe OSAS.	Portacci A	2023	Sleep & breathing = Schlaf & Atmung	exclude	E3	TST90	nocturnal respiratory failure prediction	adult OSAS clinical cohort	Prediction of respiratory failure phenotype, not hard cardiovascular or mortality endpoint.
PUBMED_MAIN_081	PubMed	main_tiab_beyond_ahi_hard_outcomes	36127216	WITHDRAWN: Hypoxic Burden in Obstructive Sleep Apnea: Present and Future.	Martinez-Garcia MA	2022	Archivos de bronconeumologia	exclude	E5	HB	none	adult OSA	Withdrawn duplicate of an already indexed HB review article.
PUBMED_MAIN_082	PubMed	main_tiab_beyond_ahi_hard_outcomes	41841645	The impact of sleep on heart health: contemporary research and medical practice.	Drakopanagiotakis F	2026	Current opinion in cardiology	exclude	E7	none	heart health review	sleep disorders general	Review article.
PUBMED_MAIN_083	PubMed	main_tiab_beyond_ahi_hard_outcomes	40008163	The association between endothelial dysfunction and subclinical myocardial injury in male obstructive sleep apnoea patients.	Cao W	2025	ERJ open research	exclude	E3	none	subclinical myocardial injury	male OSA cohort	Subclinical biomarker outcome, not target hard clinical endpoint.
PUBMED_MAIN_084	PubMed	main_tiab_beyond_ahi_hard_outcomes	38651100	Correlation between obstructive sleep apnea and hypoperfusion in patients with acute cerebral infarction.	Zhou Y	2024	Frontiers in neurology	exclude	E3	none	acute cerebral hypoperfusion	acute cerebral infarction cohort	Imaging surrogate outcome, not target hard endpoint.
PUBMED_MAIN_085	PubMed	main_tiab_beyond_ahi_hard_outcomes	39206667	Sleep-disordered breathing increases mortality in patients with diabetes.	Vichova T	2025	Journal of clinical sleep medicine : JCSM : official publication of the American Academy of Sleep Medicine	uncertain		sleep-disordered breathing variables / possible hypoxemia metrics	mortality	diabetes subgroup within SHHS	Mortality outcome is relevant but full text is needed to confirm beyond-AHI exposure extractability.
PUBMED_MAIN_086	PubMed	main_tiab_beyond_ahi_hard_outcomes	34797743	Sleep Apnea-Specific Hypoxic Burden and Not the Sleepy Phenotype as a Novel Measure of Cardiovascular and Mortality Risk in a Clinical Cohort.	Mehra R	2022	American journal of respiratory and critical care medicine	include		HB	cardiovascular and mortality risk	clinical OSA cohort	Original HB-focused risk study; core candidate for full-text review.
PUBMED_MAIN_087	PubMed	main_tiab_beyond_ahi_hard_outcomes	40565914	A Structured Narrative Review of the OSA-T2DM Axis.	Passali D	2025	Journal of clinical medicine	exclude	E7	none	OSA-T2DM narrative review	OSA and diabetes	Narrative review.
PUBMED_MAIN_088	PubMed	main_tiab_beyond_ahi_hard_outcomes	36254322	Association of Preoperative Sleep-Disordered Breathing With Functional Status After Septal Myectomy for Obstructive Hypertrophic Cardiomyopathy.	Sun D	2022	CJC open	exclude	E3	ODI	functional status after myectomy	obstructive HCM with SDB	Postoperative functional status is outside target hard-outcome scope.
PUBMED_MAIN_089	PubMed	main_tiab_beyond_ahi_hard_outcomes	35679775	Nocturnal hypoxemia and central apneas increase mortality, but not recurrent ischemic events after ischemic stroke.	Huhtakangas JK	2022	Sleep medicine	uncertain		nocturnal hypoxemia plus central apneas	mortality after ischemic stroke	post-stroke mixed sleep-breathing cohort	Mortality endpoint is relevant, but mixed central/obstructive physiology may fail full-text eligibility.
PUBMED_MAIN_090	PubMed	main_tiab_beyond_ahi_hard_outcomes	34755597	Association of obstructive sleep apnea and nocturnal hypoxemia with all-cancer incidence and mortality: a systematic review and meta-analysis.	Tan BKJ	2022	Journal of clinical sleep medicine : JCSM : official publication of the American Academy of Sleep Medicine	exclude	E7	none	cancer incidence and mortality meta	OSA and cancer	Systematic review/meta-analysis.
PUBMED_MAIN_091	PubMed	main_tiab_beyond_ahi_hard_outcomes	34517118	Sleep-disordered breathing is independently associated with reduced atrial connexin 43 expression.	Hegner P	2021	Heart rhythm	exclude	E3	none	atrial connexin expression	AF surgical cohort with SDB	Mechanistic tissue biomarker paper, not hard-outcome prognostic analysis.
PUBMED_MAIN_092	PubMed	main_tiab_beyond_ahi_hard_outcomes	12076402	Continuous positive airways pressure for obstructive sleep apnoea.	White J	2002	The Cochrane database of systematic reviews	exclude	E7	none	CPAP review	adult OSA	Review article.
PUBMED_MAIN_093	PubMed	main_tiab_beyond_ahi_hard_outcomes	32036486	Increased platelet activation in sleep apnea subjects with intermittent hypoxemia.	Krieger AC	2020	Sleep & breathing = Schlaf & Atmung	exclude	E3	intermittent hypoxemia	platelet activation	OSA subjects without CVD	Platelet activation is a surrogate outcome.
PUBMED_MAIN_094	PubMed	main_tiab_beyond_ahi_hard_outcomes	38749745	Role of Sleep-Disordered Breathing and Epicardial Connections in the Recurrence of Atrial Fibrillation.	Nyuta E	2024	International heart journal	uncertain		ODI / PSG-defined SDB	AF recurrence	AF ablation cohort	Clinical recurrence outcome is relevant but endpoint and cohort are specialized; keep for full-text rule check.
PUBMED_MAIN_095	PubMed	main_tiab_beyond_ahi_hard_outcomes	40321266	Sleep Health During Recovery After Stroke.	Fulk GD	2025	medRxiv : the preprint server for health sciences	exclude	E1	none	stroke recovery sleep health	post-stroke without moderate-severe OSA	Wrong population framing for this review.
PUBMED_MAIN_096	PubMed	main_tiab_beyond_ahi_hard_outcomes	34153800	Postprandial hyperglycemia in type 2 diabetes and obstructive sleep apnea.	Aurora RN	2021	Sleep medicine	exclude	E3	none	postprandial hyperglycemia	T2D with OSA	Metabolic surrogate outcome.
PUBMED_MAIN_097	PubMed	main_tiab_beyond_ahi_hard_outcomes	37187434	Nocturnal Hypoxemia Associates With Symptom Progression and Mortality in Patients With Progressive Fibrotic Interstitial Lung Disease.	Myall KJ	2023	Chest	exclude	E1	nocturnal hypoxemia	symptom progression and mortality	progressive fibrotic ILD	Wrong target population.
PUBMED_MAIN_098	PubMed	main_tiab_beyond_ahi_hard_outcomes	30933419	Nocturnal hypoxaemia is associated with adverse outcomes in interstitial lung disease.	Troy LK	2019	Respirology (Carlton, Vic.)	exclude	E1	TST<90	adverse ILD outcomes	interstitial lung disease	Wrong target population.
PUBMED_MAIN_099	PubMed	main_tiab_beyond_ahi_hard_outcomes	26943468	Sleep Disordered Breathing and Risk of Stroke in Older Community-Dwelling Men.	Stone KL	2016	Sleep	uncertain		SDB predictors with possible nocturnal hypoxemia metrics	incident stroke	older community-dwelling men	Important hard outcome paper; full text needed to verify that beyond-AHI metrics are extractable.
PUBMED_MAIN_099	PubMed	main_tiab_beyond_ahi_hard_outcomes	37837825	Mortality in obstructive sleep apnea syndrome (OSAS) and overlap syndrome (OS): The role of nocturnal hypoxemia and CPAP compliance.	Nena	2024	Sleep medicine	exclude	E1	nocturnal hypoxemia	all-cause mortality	mixed OSAS and overlap syndrome cohort	Mixed overlap-syndrome design prevents clean OSA-specific effect extraction under the current protocol.
PUBMED_MAIN_100	PubMed	main_tiab_beyond_ahi_hard_outcomes	33268490	Obstructive Sleep Apnea and Incident Cancer: A Large Retrospective Multicenter Clinical Cohort Study.	Kendzerska T	2021	Cancer epidemiology, biomarkers & prevention : a publication of the American Association for Cancer Research, cosponsored by the American Society of Preventive Oncology	exclude	E3	nocturnal hypoxemia	incident cancer	adult OSA cohort	Cancer incidence is outside the planned hard cardiovascular/mortality scope.
PUBMED_MAIN_101	PubMed	main_tiab_beyond_ahi_hard_outcomes	34757390	Risk of chronic kidney disease in patients with obstructive sleep apnea.	Beaudin AE	2022	Sleep	exclude	E3	none	CKD risk	adult OSA cohort	Renal disease incidence is outside the target hard-outcome scope.
PUBMED_MAIN_102	PubMed	main_tiab_beyond_ahi_hard_outcomes	34226030	Sleep Disordered Breathing and Mortality in Patients With Hypertrophic Obstructive Cardiomyopathy Undergoing Septal Myectomy.	Cui H	2021	Mayo Clinic proceedings	include		ODI	mortality	obstructive HCM with septal myectomy and SDB	Original mortality study with extractable ODI-based exposure.
PUBMED_MAIN_103	PubMed	main_tiab_beyond_ahi_hard_outcomes	36535657	Sleep Apnea and Incident Unprovoked Venous Thromboembolism: Data from the Pays de la Loire Sleep Cohort.	Trzepizur W	2023	Thrombosis and haemostasis	exclude	E3	nocturnal hypoxemia markers	incident VTE	OSA clinical cohort	VTE is outside the prespecified cardiovascular endpoint set.
PUBMED_MAIN_104	PubMed	main_tiab_beyond_ahi_hard_outcomes	41306066	Nocturnal Hypoxemic Burden Predicts Mortality in Patients Awaiting Heart Transplantation.	Potratz M	2025	Journal of sleep research	uncertain		nocturnal hypoxemic burden	mortality	end-stage HF awaiting transplant with SDB	Hard mortality endpoint and relevant metric, but mixed SDB population needs full-text assessment.
PUBMED_MAIN_105	PubMed	main_tiab_beyond_ahi_hard_outcomes	31969341	Association of Sleep Apnea with Mortality in Patients with Advanced Kidney Disease.	Jhamb M	2020	Clinical journal of the American Society of Nephrology : CJASN	uncertain		sleep apnea measures possibly including hypoxemia metrics	mortality	advanced CKD / ESKD cohort	Mortality is relevant, but full text is needed to confirm exposure-family fit.
PUBMED_MAIN_105	PubMed	main_tiab_beyond_ahi_hard_outcomes	37734671	Pulse rate variability predicted cardiovascular disease in sleep disordered breathing: The Guangdong sleep health study.	Lao	2023	Respiratory medicine	exclude	E2	pulse rate variability	CVD risk / prevalence	community SDB cohort	Primary exposure is pulse rate variability rather than the prespecified hypoxemia metric family.
PUBMED_MAIN_106	PubMed	main_tiab_beyond_ahi_hard_outcomes	37020157	Clinical outcomes of obstructive sleep apnea in patients with acute coronary syndrome in relation to hyperuricemia status.	Zhao X	2023	Journal of sleep research	exclude	E2	none	ACS clinical outcomes by hyperuricemia	ACS with OSA	Wrong exposure family for this review.
PUBMED_MAIN_107	PubMed	main_tiab_beyond_ahi_hard_outcomes	37724626	Association of hypoxic burden metrics with cardiovascular outcomes in heart failure and sleep-disordered breathing.	Huang B	2023	ESC heart failure	uncertain		T90 / TRT90 / ODI / hypoxic burden metrics	cardiovascular outcomes	heart failure with SDB	Highly relevant metrics and outcomes, but mixed SDB population needs full-text evaluation.
PUBMED_MAIN_108	PubMed	main_tiab_beyond_ahi_hard_outcomes	38163943	Obstructive sleep apnea and temporal changes in cardiac repolarization in patients undergoing coronary artery bypass grafting.	Teo YH	2024	Journal of clinical sleep medicine : JCSM : official publication of the American Academy of Sleep Medicine	exclude	E2	none	repolarization and MACCE	CABG patients with OSA	Wrong exposure family; OSA itself rather than beyond-AHI hypoxic metrics.
PUBMED_MAIN_109	PubMed	main_tiab_beyond_ahi_hard_outcomes	32577770	Prevalence of Sleep-Disordered Breathing in a Cohort of Adult Fontan Patients.	Cg S	2020	Pediatric cardiology	exclude	E3	none	prevalence of SDB	adult Fontan patients	Prevalence study, not target prognostic analysis.
PUBMED_MAIN_110	PubMed	main_tiab_beyond_ahi_hard_outcomes	35723851	Body composition and obstructive sleep apnoea assessment in adult patients with Prader-Willi syndrome: a case control study.	Pugliese G	2022	Journal of endocrinological investigation	exclude	E1	none	case-control PSG comparison	Prader-Willi syndrome adults	Wrong target population.
PUBMED_MAIN_111	PubMed	main_tiab_beyond_ahi_hard_outcomes	39450810	[Obstructive Sleep Apnea and Nocturnal Hypoxemia Increase the Cardiovascular Risk in Chilean].	Labarca G	2024	Revista medica de Chile	exclude	E3	CT90%	Framingham cardiovascular risk	Chilean OSA cohort	Risk-model surrogate rather than observed hard clinical events.
PUBMED_MAIN_112	PubMed	main_tiab_beyond_ahi_hard_outcomes	35199843	Beyond Apnea-Hypopnea Index: how clinical and comorbidity are important in obstructive sleep apnea.	Sousa SR	2022	Advances in respiratory medicine	exclude	E2	none	Baveno classification / adherence / symptoms	adult OSA cohort	Wrong exposure family and no target hard outcomes.
PUBMED_MAIN_113	PubMed	main_tiab_beyond_ahi_hard_outcomes	26409337	Nocturnal hypoxia and functional outcome in stroke patients.	Celik C	2015	NeuroRehabilitation	exclude	E3	nocturnal hypoxia	functional outcome after stroke	stroke rehabilitation cohort	Functional outcome is outside target hard-outcome scope.
PUBMED_MAIN_114	PubMed	main_tiab_beyond_ahi_hard_outcomes	35786084	Nocturnal hypoxemia, blood pressure, vascular status and chronic mountain sickness in the highest city in the world.	Perger E	2022	Annals of medicine	exclude	E1	nocturnal hypoxemia	CMS and vascular status	chronic mountain sickness	Wrong population focus.
PUBMED_MAIN_115	PubMed	main_tiab_beyond_ahi_hard_outcomes	39181745	"""Skeletal surgical approach in Down Syndrome with Obstructive Sleep Apnea.""."	de Las Fuentes Monreal M	2024	Journal of cranio-maxillo-facial surgery : official publication of the European Association for Cranio-Maxillo-Facial Surgery	exclude	E1	none	surgical treatment experience	Down syndrome adults with OSA	Wrong target population and intervention-focused design.
PUBMED_MAIN_116	PubMed	main_tiab_beyond_ahi_hard_outcomes	41018939	Heart Rate Variability in Obstructive Sleep Apnea: Association with Excessive Daytime Sleepiness and Cardiovascular Risk.	Rahimi B	2024	Tanaffos	exclude	E3	HRV	EDS and cardiovascular risk	adult OSA cohort	Autonomic surrogate outcome rather than hard clinical endpoint.
PUBMED_MAIN_117	PubMed	main_tiab_beyond_ahi_hard_outcomes	31850157	Sleep and Stroke: New Updates on Epidemiology, Pathophysiology, Assessment, and Treatment.	Lau HL	2019	Current sleep medicine reports	exclude	E7	none	sleep and stroke review	stroke and sleep disorders	Review article.
PUBMED_MAIN_118	PubMed	main_tiab_beyond_ahi_hard_outcomes	37420146	NoSAS score predicts cardiovascular disease in patients with obstructive sleep apnea.	Koseoglu HI	2024	Sleep & breathing = Schlaf & Atmung	exclude	E2	NoSAS score	cardiovascular disease	OSA cohort	Wrong exposure family; screening score rather than beyond-AHI hypoxic metric.
PUBMED_MAIN_119	PubMed	main_tiab_beyond_ahi_hard_outcomes	11803169	Nocturnal hypoxemia: a neglected cardiovascular risk factor in end-stage renal disease?	Zoccali C	2002	Blood purification	exclude	E7	none	renal nocturnal hypoxemia review	end-stage renal disease	Review article outside target population.
PUBMED_MAIN_134	PubMed	main_tiab_beyond_ahi_hard_outcomes	36642535	Nocturnal Intermittent Hypoxia and the Risk of Cardiovascular Disease among Japanese Populations: The Circulatory Risk in Communities Study (CIRCS).	Onuki	2023	Journal of atherosclerosis and thrombosis	uncertain		3% ODI / nocturnal intermittent hypoxia	incident CVD	community cohort not explicitly OSA-defined	Hard outcomes and ODI-like exposure are relevant, but eligibility depends on whether non-OSA community cohorts remain admissible.
PUBMED_MAIN_223	PubMed	main_tiab_beyond_ahi_hard_outcomes	33433302	Association of Nocturnal Hypoxemia and Pulse Rate Variability with Incident Atrial Fibrillation in Patients Investigated for Obstructive Sleep Apnea.	Briancon-Marjollet	2021	Annals of the American Thoracic Society	include		nocturnal hypoxemia / T90-like exposure	incident atrial fibrillation	patients investigated for OSA	Hard AF outcome with nocturnal hypoxemia quartiles and adjusted Cox models; likely extractable.
PUBMED_MAIN_226	PubMed	main_tiab_beyond_ahi_hard_outcomes	33394326	Risk of mortality among patients with moderate to severe obstructive sleep apnea and diabetes mellitus: results from the SantOSA cohort.	Labarca	2021	Sleep & breathing = Schlaf & Atmung	uncertain		T90 secondary signal within OSA plus diabetes cohort	CVD mortality	moderate-to-severe OSA plus diabetes subgroup context	Abstract reports T90 association with CV mortality, but the primary framing is OSA plus diabetes groups; keep for full-text rule check.
PUBMED_MAIN_230	PubMed	main_tiab_beyond_ahi_hard_outcomes	33214210	Hypoxic burden and heart rate variability predict stroke incidence in sleep apnoea.	Blanchard	2021	The European respiratory journal	uncertain		HB plus heart rate variability	incident stroke	sleep apnoea cohort	Title is highly relevant, but record is a letter with no abstract in corpus; retain for full-text/letter-content check.
PUBMED_MAIN_231	PubMed	main_tiab_beyond_ahi_hard_outcomes	33069723	Prolonged Circulation Time Is Associated With Mortality Among Older Men With Sleep-Disordered Breathing.	Kwon	2021	Chest	exclude	E2	circulation time	CV and all-cause mortality	older men with SDB	Hard outcomes are relevant, but exposure is circulation time rather than a prespecified beyond-AHI hypoxemia metric.
PUBMED_MAIN_240	PubMed	main_tiab_beyond_ahi_hard_outcomes	32679239	Low Prognostic Value of Novel Nocturnal Metrics in Patients With OSA and High Cardiovascular Event Risk: Post Hoc Analyses of the SAVE Study.	Linz	2020	Chest	uncertain		ODI / T90 / novel nocturnal SpO2 metrics	SAVE composite and component outcomes	high cardiovascular-risk OSA trial cohort	Hard outcomes are relevant; full text needed to determine whether in-scope ODI/T90 rows are extractable as sensitivity evidence.
PUBMED_MAIN_288	PubMed	main_tiab_beyond_ahi_hard_outcomes	30590586	Composition of nocturnal hypoxaemic burden and its prognostic value for cardiovascular mortality in older community-dwelling men.	Baumert	2020	European heart journal	include		T90 / ODI-derived hypoxaemic burden composition	CVD mortality	community older-men cohort	MrOS-based prognostic paper with explicit T90-related cardiovascular mortality results; likely extractable for sensitivity or main evidence gap filling.
